date,next_prevalence,district,GAM Prevalence,district_encoded,actor1_Al Shabaab,actor2_Al Shabaab,fatalities,interaction_28,actor2_AMISOM: African Union Mission in Somalia (2007-) (Ethiopia),interaction_27,number_conflicts,interaction_12
2017-07-01,0.1689999999999999,Zeylac,0.3796,73,0.0,0.0,0,0.0,0.0,0.0,2,0.0
2017-07-01,0.2027999999999999,Buuhoodle,0.3406000000000001,20,0.0,0.0,8,0.0,0.0,0.0,11,0.0
2017-07-01,0.2886,Buur Hakaba,0.3588,21,3.0,15.0,25,7.0,0.0,2.0,28,7.0
2017-07-01,0.351,Cadale,0.3691999999999999,24,2.0,1.0,24,1.0,0.0,2.0,8,0.0
2017-07-01,0.3432,Caluula,0.4056,25,0.0,1.0,0,0.0,0.0,0.0,1,1.0
2017-07-01,0.2911999999999999,Caynabo,0.442,26,0.0,0.0,0,0.0,0.0,0.0,1,0.0
2017-07-01,0.3367,Ceel Afweyn,0.4446,27,0.0,0.0,0,0.0,0.0,0.0,3,0.0
2017-07-01,0.4211999999999999,Ceel Dheer,0.52,30,0.0,0.0,0,0.0,0.0,0.0,1,0.0
2017-07-01,0.3925999999999998,Ceel Waaq,0.4315999999999999,31,0.0,17.0,35,13.0,0.0,0.0,20,4.0
2017-07-01,0.4212,Ceel Buur,0.52,29,1.0,3.0,4,3.0,0.0,1.0,6,0.0
2017-07-01,0.3367000000000001,Ceerigaabo,0.4446,32,0.0,0.0,2,0.0,0.0,0.0,3,0.0
2017-07-01,0.4212,Dhuusamarreeb,0.5273255872387238,33,0.0,0.0,19,0.0,0.0,0.0,10,0.0
2017-07-01,0.2886000000000001,Diinsoor,0.3588,34,4.0,6.0,42,0.0,0.0,4.0,16,6.0
2017-07-01,0.3926,Bulo Burto,0.429,17,5.0,16.0,36,13.0,0.0,4.0,27,1.0
2017-07-01,0.3926,Doolow,0.4356257436740676,35,2.0,1.0,0,0.0,0.0,2.0,4,1.0
2017-07-01,0.3925999999999999,Bu'aale,0.4316,16,2.0,0.0,4,0.0,0.0,2.0,2,0.0
2017-07-01,0.1690000000000001,Borama,0.3795999999999999,14,0.0,0.0,0,0.0,0.0,0.0,4,0.0
2017-07-01,0.351,Afgooye,0.3692,1,13.0,76.0,212,35.0,0.0,12.0,111,40.0
2017-07-01,0.3925999999999999,Afmadow,0.4206678541919456,2,2.0,14.0,82,10.0,0.0,1.0,20,4.0
2017-07-01,0.3925999999999999,Baardheere,0.4316,3,1.0,31.0,85,24.0,0.0,1.0,34,7.0
2017-07-01,0.3926,Badhaadhe,0.4316000000000001,4,0.0,19.0,196,16.0,0.0,0.0,19,3.0
2017-07-01,0.351,Balcad,0.3692,6,1.0,6.0,32,0.0,0.0,1.0,16,6.0
2017-07-01,0.3510000000000001,Baraawe,0.3692000000000001,9,3.0,11.0,58,6.0,0.0,3.0,20,5.0
2017-07-01,0.3926,Belet Weyne,0.429,11,13.0,19.0,100,6.0,0.0,11.0,64,13.0
2017-07-01,0.1976,Berbera,0.3387799937377845,13,0.0,0.0,2,0.0,0.0,0.0,8,0.0
2017-07-01,0.3432,Bossaso,0.4160559934810628,15,5.0,11.0,65,1.0,0.0,5.0,51,13.0
2017-07-01,0.3795999999999999,Eyl,0.4523999999999998,36,0.0,1.0,0,0.0,0.0,0.0,1,1.0
2017-07-01,0.4862,Xudur,0.4862,72,0.0,11.0,30,1.0,0.0,0.0,14,9.0
2017-07-01,0.2028,Owdweyne,0.3406,57,0.0,0.0,0,0.0,0.0,0.0,2,0.0
2017-07-01,0.3431999999999999,Qandala,0.4055999999999999,58,0.0,0.0,26,0.0,0.0,4.0,16,8.0
2017-07-01,0.2886,Qansax Dheere,0.3588,59,3.0,3.0,18,1.0,0.0,3.0,8,2.0
2017-07-01,0.3432,Qardho,0.4112666438059597,60,0.0,0.0,1,0.0,0.0,0.0,3,0.0
2017-07-01,0.351,Qoryooley,0.3691999999999998,61,5.0,23.0,49,16.0,0.0,5.0,33,7.0
2017-07-01,0.4861999999999999,Rab Dhuure,0.4861999999999999,62,1.0,0.0,0,0.0,0.0,0.0,1,0.0
2017-07-01,0.4861999999999999,Tayeeglow,0.4861999999999999,67,3.0,1.0,4,0.0,0.0,3.0,4,1.0
2017-07-01,0.4861999999999999,Waajid,0.4861999999999999,68,0.0,4.0,2,0.0,0.0,0.0,5,4.0
2017-07-01,0.351,Wanla Weyn,0.3692,69,2.0,10.0,82,5.0,0.0,2.0,20,4.0
2017-07-01,0.4004000000000001,Xarardheere,0.4732000000000002,70,1.0,3.0,6,0.0,0.0,1.0,4,3.0
2017-07-01,0.4004,Gaalkacyo,0.4796931726673279,37,5.0,2.0,53,0.0,0.0,5.0,50,2.0
2017-07-01,0.351,Marka,0.3692,56,10.0,42.0,113,16.0,0.0,9.0,68,16.0
2017-07-01,0.3925999999999999,Saakow,0.4316,63,0.0,2.0,16,2.0,0.0,0.0,2,0.0
2017-07-01,0.3926,Luuq,0.4315999999999998,55,4.0,4.0,5,0.0,0.0,4.0,8,4.0
2017-07-01,0.3795999999999999,Garoowe,0.458347673913086,40,0.0,2.0,2,0.0,0.0,0.0,14,2.0
2017-07-01,0.1975999999999999,Gebiley,0.338,41,0.0,0.0,0,0.0,0.0,0.0,3,0.0
2017-07-01,0.1975999999999999,Hargeysa,0.3425891325819686,42,0.0,0.0,3,0.0,0.0,0.0,17,1.0
2017-07-01,0.4003999999999999,Hobyo,0.4732,43,0.0,4.0,20,0.0,0.0,0.0,12,2.0
2017-07-01,0.3432,Iskushuban,0.4056,44,0.0,3.0,76,0.0,0.0,0.0,4,4.0
2017-07-01,0.3925999999999999,Jalalaqsi,0.4290000000000001,45,0.0,7.0,12,6.0,0.0,0.0,10,1.0
2017-07-01,0.3926,Jamaame,0.4316000000000001,46,1.0,2.0,15,0.0,0.0,1.0,3,1.0
2017-07-01,0.3925999999999999,Garbahaarey,0.4316,39,1.0,10.0,107,6.0,0.0,0.0,11,3.0
2017-07-01,0.3925999999999999,Jilib,0.4316000000000001,48,1.0,2.0,1,2.0,0.0,1.0,3,0.0
2017-07-01,0.351,Jowhar,0.3692000000000001,49,10.0,42.0,121,21.0,0.0,8.0,88,20.0
2017-07-01,0.3925999999999999,Kismaayo,0.4255768922026957,50,5.0,38.0,71,13.0,0.0,5.0,61,25.0
2017-07-01,0.3510000000000001,Kurtunwaarey,0.3691999999999999,51,1.0,3.0,2,1.0,0.0,1.0,7,2.0
2017-07-01,0.2911999999999999,Laas Caanood,0.442,52,1.0,0.0,29,0.0,0.0,1.0,18,0.0
2017-07-01,0.3367,Laasqoray,0.4446000000000001,53,0.0,1.0,4,0.0,0.0,0.0,3,1.0
2018-01-01,0.2211366753028379,Burco,0.2028,18,0.0,0.0,5,0.0,0.0,0.0,19,0.0
2018-01-01,0.4927859267135329,Burtinle,0.3795999999999999,19,0.0,0.0,18,0.0,0.0,0.0,2,0.0
2018-01-01,0.226129551832888,Buuhoodle,0.2027999999999999,20,0.0,0.0,12,0.0,0.0,0.0,13,0.0
2018-01-01,0.4846909879180319,Buur Hakaba,0.2886,21,1.0,13.0,126,7.0,0.0,1.0,14,6.0
2018-01-01,0.2829201738380863,Cadale,0.351,24,0.0,0.0,14,0.0,0.0,0.0,3,0.0
2018-01-01,0.4507637375759017,Caluula,0.3432,25,0.0,0.0,0,1.0,0.0,0.0,1,0.0
2018-01-01,0.2428031590674251,Caynabo,0.2911999999999999,26,0.0,0.0,3,0.0,0.0,0.0,8,0.0
2018-01-01,0.2906972787612182,Ceel Afweyn,0.3367,27,0.0,0.0,0,0.0,0.0,0.0,5,0.0
2018-01-01,0.3602624374798162,Ceel Buur,0.4212,29,1.0,1.0,4,0.0,0.0,1.0,4,1.0
2018-01-01,0.3142399717243435,Ceel Dheer,0.4211999999999999,30,0.0,1.0,0,1.0,0.0,0.0,1,0.0
2018-01-01,0.2770029164634731,Ceel Waaq,0.3925999999999998,31,3.0,8.0,37,6.0,0.0,3.0,12,2.0
2018-01-01,0.3096083862495412,Ceerigaabo,0.3367000000000001,32,0.0,0.0,2,0.0,0.0,0.0,19,0.0
2018-01-01,0.3909032104916541,Dhuusamarreeb,0.4212,33,1.0,1.0,51,0.0,0.0,1.0,16,0.0
2018-01-01,0.4769534198876959,Diinsoor,0.2886000000000001,34,2.0,10.0,6,6.0,0.0,1.0,18,3.0
2018-01-01,0.5392512067568789,Doolow,0.3926,35,0.0,1.0,7,0.0,0.0,0.0,4,1.0
2018-01-01,0.3908949717937982,Bulo Burto,0.3926,17,6.0,21.0,78,13.0,0.0,5.0,36,6.0
2018-01-01,0.482210605259551,Bossaso,0.3432,15,6.0,31.0,133,0.0,0.0,5.0,71,33.0
2018-01-01,0.384859060068862,Afgooye,0.351,1,15.0,109.0,412,26.0,0.0,12.0,163,84.0
2018-01-01,0.2972606382668021,Baardheere,0.3925999999999999,3,6.0,18.0,75,11.0,0.0,6.0,28,7.0
2018-01-01,0.3711192650605567,Badhaadhe,0.3926,4,3.0,12.0,40,11.0,0.0,3.0,15,1.0
2018-01-01,0.3580405856281527,Balcad,0.351,6,3.0,15.0,64,2.0,0.0,3.0,21,13.0
2018-01-01,0.3785774588022779,Baraawe,0.3510000000000001,9,2.0,15.0,17,11.0,0.0,1.0,17,3.0
2018-01-01,0.4637281725694139,Belet Weyne,0.3926,11,12.0,23.0,116,8.0,0.0,7.0,74,10.0
2018-01-01,0.2949701973955382,Berbera,0.1976,13,0.0,0.0,0,0.0,0.0,0.0,1,0.0
2018-01-01,0.2406251937071188,Borama,0.1690000000000001,14,0.0,0.0,2,0.0,0.0,0.0,11,0.0
2018-01-01,0.4125181113098476,Bu'aale,0.3925999999999999,16,1.0,0.0,4,0.0,0.0,1.0,1,0.0
2018-01-01,0.4668580324895174,Gaalkacyo,0.4004,37,2.0,5.0,103,0.0,0.0,1.0,64,6.0
2018-01-01,0.345678336354725,Garbahaarey,0.3925999999999999,39,3.0,14.0,57,6.0,0.0,2.0,19,7.0
2018-01-01,0.5372761677527557,Qardho,0.3432,60,0.0,0.0,3,0.0,0.0,0.0,8,0.0
2018-01-01,0.4363798525409664,Qoryooley,0.351,61,1.0,35.0,47,26.0,0.0,1.0,41,9.0
2018-01-01,0.3717999999999999,Saakow,0.3925999999999999,63,0.0,1.0,0,1.0,0.0,0.0,1,0.0
2018-01-01,0.4309610549243231,Sablaale,0.3510000000000001,64,0.0,1.0,0,0.0,0.0,0.0,1,1.0
2018-01-01,0.2547557920787028,Taleex,0.2912,66,0.0,0.0,2,0.0,0.0,0.0,4,0.0
2018-01-01,0.4748949097855825,Waajid,0.4861999999999999,68,5.0,11.0,27,7.0,0.0,4.0,17,3.0
2018-01-01,0.3788174337777663,Wanla Weyn,0.351,69,0.0,12.0,36,4.0,0.0,0.0,14,8.0
2018-01-01,0.3447106682656731,Xarardheere,0.4004000000000001,70,1.0,0.0,0,0.0,0.0,1.0,1,0.0
2018-01-01,0.4689020964811947,Xudur,0.4862,72,9.0,19.0,76,3.0,0.0,2.0,28,12.0
2018-01-01,0.4695085383288688,Galdogob,0.4004,38,0.0,0.0,1,0.0,0.0,0.0,3,0.0
2018-01-01,0.5092847348131929,Qansax Dheere,0.2886,59,1.0,6.0,2,4.0,0.0,0.0,7,3.0
2018-01-01,0.4649012053458273,Qandala,0.3431999999999999,58,0.0,1.0,33,5.0,0.0,2.0,9,1.0
2018-01-01,0.2505864840856458,Sheikh,0.2028,65,0.0,0.0,0,0.0,0.0,0.0,1,0.0
2018-01-01,0.3971406259324205,Marka,0.351,56,6.0,53.0,63,42.0,0.0,4.0,73,9.0
2018-01-01,0.2303423878316652,Owdweyne,0.2028,57,0.0,1.0,23,1.0,0.0,0.0,3,0.0
2018-01-01,0.2443191130723181,Gebiley,0.1975999999999999,41,0.0,0.0,0,0.0,0.0,0.0,1,0.0
2018-01-01,0.2386485041615721,Hargeysa,0.1975999999999999,42,0.0,1.0,4,0.0,0.0,0.0,28,1.0
2018-01-01,0.3354148794445133,Hobyo,0.4003999999999999,43,1.0,0.0,2,0.0,0.0,1.0,4,0.0
2018-01-01,0.4846457772814762,Iskushuban,0.3432,44,1.0,10.0,20,0.0,0.0,1.0,18,12.0
2018-01-01,0.3858321287337016,Jalalaqsi,0.3925999999999999,45,0.0,12.0,31,10.0,0.0,0.0,16,2.0
2018-01-01,0.4077438698894172,Jamaame,0.3926,46,1.0,1.0,4,0.0,0.0,1.0,2,1.0
2018-01-01,0.5170266990935967,Garoowe,0.3795999999999999,40,0.0,0.0,20,0.0,0.0,0.0,18,0.0
2018-01-01,0.3830459721840857,Jowhar,0.351,49,8.0,35.0,53,23.0,0.0,6.0,62,13.0
2018-01-01,0.4685498464822668,Kismaayo,0.3925999999999999,50,7.0,44.0,179,14.0,0.0,6.0,65,30.0
2018-01-01,0.4461179568825337,Kurtunwaarey,0.3510000000000001,51,0.0,4.0,10,1.0,0.0,0.0,4,3.0
2018-01-01,0.2293654902134254,Laas Caanood,0.2911999999999999,52,0.0,1.0,21,0.0,0.0,0.0,17,1.0
2018-01-01,0.2261999999999999,Laasqoray,0.3367,53,0.0,0.0,0,0.0,0.0,0.0,1,0.0
2018-01-01,0.4123022966960434,Luuq,0.3926,55,2.0,1.0,2,1.0,0.0,2.0,5,0.0
2018-01-01,0.4060356888423295,Jilib,0.3925999999999999,48,2.0,12.0,118,10.0,0.0,1.0,13,1.0
2018-07-01,0.4133399855287525,Burtinle,0.4927859267135329,19,0.0,0.0,1,0.0,0.0,0.0,1,0.0
2018-07-01,0.188847667729668,Buuhoodle,0.226129551832888,20,0.0,0.0,2,0.0,0.0,0.0,4,0.0
2018-07-01,0.47037719442215,Buur Hakaba,0.4846909879180319,21,0.0,5.0,28,0.0,0.0,0.0,9,5.0
2018-07-01,0.3232371835699271,Cabudwaaq,0.4299665440197571,22,0.0,0.0,17,0.0,0.0,0.0,5,0.0
2018-07-01,0.3305779447408884,Cadaado,0.4263710655123516,23,0.0,1.0,13,0.0,0.0,0.0,5,1.0
2018-07-01,0.5231865541625861,Caluula,0.4507637375759017,25,0.0,1.0,12,0.0,0.0,0.0,2,1.0
2018-07-01,0.3168079047398306,Ceel Buur,0.3602624374798162,29,0.0,1.0,20,1.0,0.0,0.0,2,0.0
2018-07-01,0.4201611561308622,Ceel Afweyn,0.2906972787612182,27,0.0,0.0,44,0.0,0.0,0.0,14,0.0
2018-07-01,0.3237222467082124,Ceel Dheer,0.3142399717243435,30,0.0,0.0,2,0.0,0.0,0.0,1,0.0
2018-07-01,0.3215618498962238,Ceel Waaq,0.2770029164634731,31,1.0,15.0,15,10.0,1.0,0.0,17,5.0
2018-07-01,0.4231594017049179,Ceerigaabo,0.3096083862495412,32,1.0,1.0,63,0.0,0.0,0.0,21,1.0
2018-07-01,0.3069711905400723,Dhuusamarreeb,0.3909032104916541,33,2.0,2.0,21,0.0,0.0,1.0,9,1.0
2018-07-01,0.1770356571398554,Burco,0.2211366753028379,18,0.0,0.0,0,0.0,0.0,0.0,11,0.0
2018-07-01,0.3464523514753054,Caynabo,0.2428031590674251,26,0.0,0.0,0,0.0,0.0,0.0,4,0.0
2018-07-01,0.470453127878576,Bulo Burto,0.3908949717937982,17,3.0,19.0,166,5.0,0.0,3.0,30,14.0
2018-07-01,0.3942170096006928,Bossaso,0.482210605259551,15,6.0,46.0,218,3.0,0.0,2.0,90,44.0
2018-07-01,0.4383403468241347,Afgooye,0.384859060068862,1,11.0,86.0,252,35.0,0.0,10.0,116,55.0
2018-07-01,0.2870882907046133,Baardheere,0.2972606382668021,3,1.0,13.0,46,7.0,0.0,0.0,15,6.0
2018-07-01,0.2330307158506623,Badhaadhe,0.3711192650605567,4,2.0,10.0,30,6.0,0.0,1.0,13,4.0
2018-07-01,0.3124852051578765,Baki,0.2761092768701464,5,0.0,0.0,0,0.0,0.0,0.0,1,0.0
2018-07-01,0.4256324032458843,Balcad,0.3580405856281527,6,6.0,23.0,62,11.0,0.0,2.0,43,16.0
2018-07-01,0.31831560695452,Bu'aale,0.4125181113098476,16,0.0,1.0,8,1.0,0.0,0.0,1,0.0
2018-07-01,0.4292576344574564,Banadir,0.4555156517242613,7,61.0,144.0,483,4.0,0.0,60.0,410,151.0
2018-07-01,0.439931798183591,Baraawe,0.3785774588022779,9,9.0,22.0,19,11.0,0.0,6.0,31,11.0
2018-07-01,0.4723126687951987,Baydhaba,0.6333880388856111,10,8.0,34.0,93,6.0,0.0,5.0,59,29.0
2018-07-01,0.4709482336256127,Belet Weyne,0.4637281725694139,11,5.0,27.0,133,9.0,0.0,5.0,58,15.0
2018-07-01,0.4070600258586147,Belet Xaawo,0.3942363701220913,12,1.0,2.0,5,2.0,0.0,1.0,4,0.0
2018-07-01,0.2657364311048932,Berbera,0.2949701973955382,13,0.0,0.0,0,0.0,0.0,0.0,7,0.0
2018-07-01,0.204456465641011,Borama,0.2406251937071188,14,0.0,0.0,0,0.0,0.0,0.0,10,0.0
2018-07-01,0.3786044640745989,Bandarbeyla,0.499901764184284,8,0.0,0.0,6,0.0,0.0,0.0,2,0.0
2018-07-01,0.3983778863086515,Doolow,0.5392512067568789,35,0.0,1.0,1,0.0,0.0,0.0,1,1.0
2018-07-01,0.4709407002848428,Diinsoor,0.4769534198876959,34,1.0,5.0,8,1.0,0.0,1.0,9,4.0
2018-07-01,0.3939217335250711,Gaalkacyo,0.4668580324895174,37,3.0,3.0,25,1.0,0.0,1.0,26,3.0
2018-07-01,0.4847031486728068,Qandala,0.4649012053458273,58,0.0,0.0,5,1.0,0.0,0.0,6,1.0
2018-07-01,0.4706401766004414,Qansax Dheere,0.5092847348131929,59,5.0,5.0,15,2.0,0.0,3.0,15,3.0
2018-07-01,0.4087521426316601,Qardho,0.5372761677527557,60,0.0,0.0,6,0.0,0.0,0.0,6,0.0
2018-07-01,0.4388574958395,Qoryooley,0.4363798525409664,61,4.0,34.0,101,13.0,0.0,3.0,38,21.0
2018-07-01,0.3836149906890133,Saakow,0.3717999999999999,63,0.0,1.0,0,0.0,0.0,0.0,1,1.0
2018-07-01,0.4365207106198354,Sablaale,0.4309610549243231,64,0.0,1.0,0,1.0,0.0,0.0,1,0.0
2018-07-01,0.3787844823934796,Taleex,0.2547557920787028,66,0.0,0.0,0,0.0,0.0,0.0,1,0.0
2018-07-01,0.4731941786256158,Tayeeglow,0.3502607787971933,67,0.0,2.0,1,0.0,0.0,0.0,2,2.0
2018-07-01,0.4792888339084379,Waajid,0.4748949097855825,68,2.0,4.0,10,1.0,0.0,2.0,6,3.0
2018-07-01,0.4417324945420314,Wanla Weyn,0.3788174337777663,69,4.0,6.0,56,3.0,0.0,3.0,17,2.0
2018-07-01,0.3440937497588239,Xarardheere,0.3447106682656731,70,3.0,0.0,2,0.0,0.0,0.0,3,0.0
2018-07-01,0.3499931256730363,Xudun,0.2431695325710332,71,0.0,0.0,0,0.0,0.0,0.0,1,0.0
2018-07-01,0.48161201917032,Xudur,0.4689020964811947,72,1.0,8.0,16,1.0,0.0,1.0,10,7.0
2018-07-01,0.2939877424871059,Zeylac,0.4330650433619875,73,0.0,0.0,0,0.0,0.0,0.0,1,0.0
2018-07-01,0.2072939133886237,Owdweyne,0.2303423878316652,57,0.0,0.0,0,0.0,0.0,0.0,1,0.0
2018-07-01,0.4356751207813825,Marka,0.3971406259324205,56,6.0,62.0,100,32.0,0.0,5.0,75,30.0
2018-07-01,0.3817815509494871,Laasqoray,0.2261999999999999,53,0.0,0.0,0,0.0,0.0,0.0,1,0.0
2018-07-01,0.4017369795363936,Galdogob,0.4695085383288688,38,0.0,0.0,1,0.0,0.0,0.0,1,0.0
2018-07-01,0.3582420806274685,Garbahaarey,0.345678336354725,39,2.0,6.0,32,2.0,0.0,2.0,9,3.0
2018-07-01,0.3790731071095702,Garoowe,0.5170266990935967,40,0.0,1.0,7,0.0,0.0,0.0,18,1.0
2018-07-01,0.195572345649635,Gebiley,0.2443191130723181,41,0.0,0.0,1,0.0,0.0,0.0,2,0.0
2018-07-01,0.1951645146346709,Hargeysa,0.2386485041615721,42,0.0,0.0,1,0.0,0.0,0.0,15,0.0
2018-07-01,0.4239158201206688,Iskushuban,0.4846457772814762,44,0.0,2.0,1,0.0,0.0,0.0,8,3.0
2018-07-01,0.4698845151234747,Jalalaqsi,0.3858321287337016,45,4.0,11.0,27,2.0,0.0,1.0,18,7.0
2018-07-01,0.3149404261361454,Jamaame,0.4077438698894172,46,1.0,22.0,102,12.0,0.0,0.0,24,11.0
2018-07-01,0.3520726565695597,Hobyo,0.3354148794445133,43,1.0,0.0,0,0.0,0.0,0.0,2,0.0
2018-07-01,0.3157056116630282,Jilib,0.4060356888423295,48,5.0,10.0,51,7.0,0.0,3.0,16,1.0
2018-07-01,0.4361091139158288,Jowhar,0.3830459721840857,49,2.0,21.0,59,8.0,0.0,2.0,40,12.0
2018-07-01,0.3096236699207461,Kismaayo,0.4685498464822668,50,3.0,49.0,145,18.0,0.0,3.0,60,29.0
2018-07-01,0.4391758387432182,Kurtunwaarey,0.4461179568825337,51,1.0,4.0,11,0.0,0.0,1.0,5,4.0
2018-07-01,0.3237610476395274,Laas Caanood,0.2293654902134254,52,0.0,0.0,76,0.0,0.0,0.0,47,0.0
2018-07-01,0.4097136186539254,Luuq,0.4123022966960434,55,1.0,4.0,19,2.0,0.0,1.0,5,2.0
2019-01-01,0.3121385033565494,Buuhoodle,0.188847667729668,20,1.0,0.0,41,0.0,0.0,1.0,10,0.0
2019-01-01,0.5490683229813665,Buur Hakaba,0.47037719442215,21,5.0,4.0,84,5.0,1.0,1.0,11,3.0
2019-01-01,0.3728535271691253,Cabudwaaq,0.3232371835699271,22,0.0,0.0,1,0.0,0.0,0.0,3,1.0
2019-01-01,0.3520109308137275,Cadaado,0.3305779447408884,23,0.0,0.0,25,0.0,0.0,0.0,12,0.0
2019-01-01,0.3368835013608263,Cadale,0.397642761583422,24,5.0,3.0,25,0.0,0.0,2.0,13,2.0
2019-01-01,0.350049306671516,Dhuusamarreeb,0.3069711905400723,33,4.0,0.0,11,0.0,0.0,1.0,7,1.0
2019-01-01,0.5293849399339471,Ceel Barde,0.523846379837409,28,0.0,1.0,2,1.0,0.0,0.0,2,0.0
2019-01-01,0.3777466079633201,Ceel Buur,0.3168079047398306,29,1.0,0.0,0,0.0,0.0,1.0,1,0.0
2019-01-01,0.302048788800896,Ceel Dheer,0.3237222467082124,30,0.0,1.0,60,1.0,0.0,0.0,1,0.0
2019-01-01,0.4894280635303719,Ceel Waaq,0.3215618498962238,31,5.0,2.0,9,5.0,0.0,2.0,9,0.0
2019-01-01,0.3969125115565767,Ceerigaabo,0.4231594017049179,32,0.0,0.0,16,0.0,0.0,0.0,13,0.0
2019-01-01,0.2998339565222233,Burco,0.1770356571398554,18,0.0,0.0,0,0.0,0.0,0.0,1,0.0
2019-01-01,0.5512844916157692,Diinsoor,0.4709407002848428,34,5.0,1.0,4,1.0,1.0,1.0,7,3.0
2019-01-01,0.4022499807716035,Ceel Afweyn,0.4201611561308622,27,0.0,0.0,4,0.0,0.0,0.0,8,0.0
2019-01-01,0.5898451672177014,Bulo Burto,0.470453127878576,17,10.0,3.0,57,8.0,1.0,0.0,28,4.0
2019-01-01,0.5737354286751378,Baydhaba,0.4723126687951987,10,35.0,13.0,152,7.0,8.0,12.0,74,27.0
2019-01-01,0.3081383281834315,Bossaso,0.3942170096006928,15,9.0,2.0,50,1.0,0.0,6.0,49,9.0
2019-01-01,0.462159131461528,Afgooye,0.4383403468241347,1,43.0,28.0,145,15.0,0.0,6.0,104,50.0
2019-01-01,0.5213965829380455,Baardheere,0.2870882907046133,3,5.0,4.0,42,5.0,0.0,1.0,19,3.0
2019-01-01,0.4823586641167936,Badhaadhe,0.2330307158506623,4,1.0,3.0,15,0.0,0.0,0.0,5,4.0
2019-01-01,0.4207892941616012,Balcad,0.4256324032458843,6,15.0,13.0,35,8.0,0.0,3.0,38,17.0
2019-01-01,0.4536122788198948,Banadir,0.4292576344574564,7,129.0,24.0,493,6.0,0.0,50.0,370,112.0
2019-01-01,0.4680395945111392,Baraawe,0.439931798183591,9,6.0,3.0,5,4.0,0.0,1.0,12,4.0
2019-01-01,0.5868054618205713,Belet Weyne,0.4709482336256127,11,11.0,4.0,62,2.0,1.0,4.0,42,6.0
2019-01-01,0.5172155129757019,Belet Xaawo,0.4070600258586147,12,7.0,2.0,25,1.0,0.0,5.0,12,3.0
2019-01-01,0.2430326560610348,Berbera,0.2657364311048932,13,0.0,0.0,0,0.0,0.0,0.0,6,0.0
2019-01-01,0.5163749201445982,Bu'aale,0.31831560695452,16,1.0,4.0,21,3.0,0.0,1.0,6,1.0
2019-01-01,0.5545845681860391,Doolow,0.3983778863086515,35,2.0,1.0,31,0.0,0.0,1.0,4,2.0
2019-01-01,0.3738642018133994,Caynabo,0.3464523514753054,26,0.0,0.0,1,0.0,0.0,0.0,1,0.0
2019-01-01,0.3845598383707495,Galdogob,0.4017369795363936,38,0.0,0.0,1,0.0,0.0,0.0,1,0.0
2019-01-01,0.4662120199606611,Qandala,0.4847031486728068,58,1.0,0.0,14,0.0,0.0,0.0,2,1.0
2019-01-01,0.5490683229813664,Qansax Dheere,0.4706401766004414,59,2.0,1.0,3,0.0,0.0,1.0,3,2.0
2019-01-01,0.3450721294564353,Qardho,0.4087521426316601,60,0.0,0.0,1,0.0,0.0,0.0,1,0.0
2019-01-01,0.4647070601850455,Qoryooley,0.4388574958395,61,8.0,13.0,77,6.0,0.0,2.0,22,13.0
2019-01-01,0.4181286549707602,Saakow,0.3836149906890133,63,2.0,4.0,40,4.0,0.0,2.0,6,0.0
2019-01-01,0.3310823852137992,Owdweyne,0.2072939133886237,57,0.0,0.0,0,0.0,0.0,0.0,1,0.0
2019-01-01,0.311807882954238,Sheikh,0.2526659184696406,65,0.0,0.0,1,0.0,0.0,0.0,1,0.0
2019-01-01,0.5481180166869125,Tayeeglow,0.4731941786256158,67,1.0,0.0,1,0.0,0.0,0.0,2,1.0
2019-01-01,0.5458546307673043,Waajid,0.4792888339084379,68,2.0,2.0,13,0.0,0.0,2.0,5,2.0
2019-01-01,0.4732566779470763,Wanla Weyn,0.4417324945420314,69,8.0,4.0,52,4.0,0.0,1.0,22,5.0
2019-01-01,0.2395519799571875,Xarardheere,0.3440937497588239,70,5.0,2.0,67,2.0,0.0,4.0,7,1.0
2019-01-01,0.5457788588250408,Xudur,0.48161201917032,72,9.0,8.0,29,1.0,1.0,3.0,19,10.0
2019-01-01,0.389948051145162,Eyl,0.3843661195946408,36,0.0,0.0,0,0.0,0.0,0.0,1,0.0
2019-01-01,0.3972102948995347,Taleex,0.3787844823934796,66,0.0,0.0,11,0.0,0.0,0.0,3,0.0
2019-01-01,0.4539589601919299,Marka,0.4356751207813825,56,39.0,22.0,260,18.0,0.0,3.0,72,38.0
2019-01-01,0.2649276406311697,Zeylac,0.2939877424871059,73,0.0,0.0,0,0.0,0.0,0.0,2,0.0
2019-01-01,0.500413842160481,Luuq,0.4097136186539254,55,8.0,1.0,12,0.0,1.0,3.0,11,5.0
2019-01-01,0.5554649634831142,Garbahaarey,0.3582420806274685,39,5.0,8.0,72,6.0,2.0,1.0,22,3.0
2019-01-01,0.3712592237262992,Garoowe,0.3790731071095702,40,0.0,0.0,4,0.0,0.0,0.0,13,0.0
2019-01-01,0.2418992297764819,Gebiley,0.195572345649635,41,0.0,0.0,0,0.0,0.0,0.0,1,0.0
2019-01-01,0.2213906679944643,Hargeysa,0.1951645146346709,42,0.0,0.0,0,0.0,0.0,0.0,16,0.0
2019-01-01,0.3487584354785739,Hobyo,0.3520726565695597,43,1.0,11.0,99,5.0,0.0,1.0,16,5.0
2019-01-01,0.4394605539382136,Iskushuban,0.4239158201206688,44,1.0,3.0,0,0.0,0.0,0.0,4,4.0
2019-01-01,0.5921047430628529,Jalalaqsi,0.4698845151234747,45,8.0,5.0,8,3.0,1.0,2.0,18,6.0
2019-01-01,0.3602422105460542,Gaalkacyo,0.3939217335250711,37,2.0,0.0,28,0.0,0.0,1.0,31,1.0
2019-01-01,0.3501107168133883,Jariiban,0.3547174345570384,47,0.0,0.0,2,0.0,0.0,0.0,2,0.0
2019-01-01,0.5113327705575001,Jilib,0.3157056116630282,48,5.0,9.0,122,8.0,0.0,2.0,16,2.0
2019-01-01,0.4607258650079849,Jowhar,0.4361091139158288,49,16.0,5.0,56,3.0,0.0,8.0,34,7.0
2019-01-01,0.412029161025459,Kismaayo,0.3096236699207461,50,14.0,8.0,204,4.0,0.0,4.0,51,13.0
2019-01-01,0.3366077651757097,Laas Caanood,0.3237610476395274,52,0.0,0.0,5,0.0,0.0,0.0,32,0.0
2019-01-01,0.3657972542777379,Laasqoray,0.3817815509494871,53,0.0,1.0,12,0.0,0.0,0.0,3,1.0
2019-01-01,0.532680040708361,Jamaame,0.3149404261361454,46,0.0,15.0,77,4.0,0.0,0.0,16,11.0
2019-07-01,0.3761680108430838,Laas Caanood,0.3366077651757097,52,0.0,0.0,6,0.0,0.0,0.0,17,0.0
2019-07-01,0.4452618351340643,Kurtunwaarey,0.4656396293608185,51,1.0,2.0,4,3.0,0.0,0.0,3,0.0
2019-07-01,0.3769676308818636,Kismaayo,0.412029161025459,50,18.0,6.0,70,4.0,0.0,4.0,42,15.0
2019-07-01,0.4462076309782391,Jowhar,0.4607258650079849,49,26.0,3.0,51,3.0,0.0,13.0,48,13.0
2019-07-01,0.4403832811966767,Jamaame,0.532680040708361,46,0.0,9.0,27,5.0,0.0,0.0,9,4.0
2019-07-01,0.4090915108402051,Jariiban,0.3501107168133883,47,0.0,0.0,1,0.0,0.0,0.0,4,0.0
2019-07-01,0.4735042553650304,Jalalaqsi,0.5921047430628529,45,11.0,2.0,25,9.0,0.0,1.0,16,1.0
2019-07-01,0.3383899894950222,Iskushuban,0.4394605539382136,44,5.0,3.0,11,3.0,0.0,2.0,10,3.0
2019-07-01,0.3706782212839118,Hobyo,0.3487584354785739,43,0.0,0.0,1,0.0,0.0,0.0,1,0.0
2019-07-01,0.2029943156263941,Hargeysa,0.2213906679944643,42,0.0,0.0,3,0.0,0.0,0.0,15,0.0
2019-07-01,0.2667717736348647,Gebiley,0.2418992297764819,41,0.0,0.0,0,0.0,0.0,0.0,1,0.0
2019-07-01,0.3909294797509632,Jilib,0.5113327705575001,48,3.0,14.0,116,12.0,0.0,1.0,18,2.0
2019-07-01,0.3829595838278671,Luuq,0.500413842160481,55,2.0,0.0,1,0.0,0.0,2.0,3,0.0
2019-07-01,0.3964549089065016,Qardho,0.3450721294564353,60,0.0,0.0,0,0.0,0.0,0.0,2,0.0
2019-07-01,0.2163547982087805,Owdweyne,0.3310823852137992,57,0.0,3.0,18,5.0,0.0,0.0,5,0.0
2019-07-01,0.2932033874905685,Garoowe,0.3712592237262992,40,1.0,0.0,13,0.0,0.0,0.0,13,0.0
2019-07-01,0.3136157179811676,Zeylac,0.2649276406311697,73,0.0,0.0,0,0.0,0.0,0.0,1,0.0
2019-07-01,0.549549493748511,Xudur,0.5457788588250408,72,7.0,5.0,17,1.0,1.0,2.0,16,3.0
2019-07-01,0.3962781291497199,Xarardheere,0.2395519799571875,70,1.0,0.0,0,0.0,0.0,1.0,1,0.0
2019-07-01,0.4147038987749591,Wanla Weyn,0.4732566779470763,69,8.0,6.0,58,4.0,0.0,1.0,23,8.0
2019-07-01,0.5312342103332384,Waajid,0.5458546307673043,68,2.0,1.0,2,1.0,0.0,0.0,3,1.0
2019-07-01,0.5185117637649114,Tayeeglow,0.5481180166869125,67,3.0,2.0,0,1.0,0.0,3.0,5,1.0
2019-07-01,0.4587764880148566,Sablaale,0.4578215216645919,64,0.0,2.0,16,2.0,0.0,0.0,2,0.0
2019-07-01,0.4443390921876267,Qoryooley,0.4647070601850455,61,20.0,5.0,124,8.0,0.0,1.0,33,15.0
2019-07-01,0.6480009367515506,Qansax Dheere,0.5490683229813664,59,4.0,0.0,14,0.0,0.0,0.0,9,4.0
2019-07-01,0.4205569846330418,Qandala,0.4662120199606611,58,3.0,0.0,1,0.0,0.0,0.0,4,0.0
2019-07-01,0.4637137550163429,Marka,0.4539589601919299,56,42.0,17.0,178,26.0,0.0,2.0,67,31.0
2019-07-01,0.2081401693223537,Sheikh,0.311807882954238,65,0.0,0.0,1,0.0,0.0,0.0,1,0.0
2019-07-01,0.4048338368195087,Garbahaarey,0.5554649634831142,39,7.0,2.0,7,3.0,2.0,2.0,11,2.0
2019-07-01,0.4778162642037701,Gaalkacyo,0.3602422105460542,37,2.0,0.0,56,0.0,0.0,1.0,30,1.0
2019-07-01,0.2138712946350238,Borama,0.2736328112610178,14,0.0,0.0,0,0.0,0.0,0.0,1,0.0
2019-07-01,0.2324431385911439,Berbera,0.2430326560610348,13,0.0,0.0,0,0.0,0.0,0.0,1,0.0
2019-07-01,0.4081442057063084,Belet Xaawo,0.5172155129757019,12,5.0,0.0,6,1.0,0.0,2.0,7,1.0
2019-07-01,0.4954915340016362,Belet Weyne,0.5868054618205713,11,11.0,9.0,170,8.0,0.0,4.0,51,7.0
2019-07-01,0.4454830625784129,Baraawe,0.4680395945111392,9,5.0,2.0,2,1.0,0.0,0.0,7,6.0
2019-07-01,0.4283242181220916,Bossaso,0.3081383281834315,15,7.0,5.0,33,1.0,0.0,3.0,37,9.0
2019-07-01,0.3899254108022901,Balcad,0.4207892941616012,6,25.0,2.0,56,8.0,1.0,3.0,51,15.0
2019-07-01,0.3489569935965541,Badhaadhe,0.4823586641167936,4,5.0,0.0,22,3.0,0.0,1.0,9,1.0
2019-07-01,0.2484368223141074,Baardheere,0.5213965829380455,3,8.0,4.0,26,6.0,3.0,0.0,17,6.0
2019-07-01,0.4492225378213771,Afgooye,0.462159131461528,1,59.0,13.0,173,15.0,0.0,12.0,95,41.0
2019-07-01,0.3126112111904077,Adan Yabaal,0.3406226826633605,0,7.0,1.0,15,0.0,0.0,3.0,9,0.0
2019-07-01,0.4646904136201208,Galdogob,0.3845598383707495,38,0.0,0.0,1,0.0,0.0,0.0,1,0.0
2019-07-01,0.4512394733904072,Banadir,0.4536122788198948,7,134.0,10.0,400,7.0,0.0,65.0,367,73.0
2019-07-01,0.3994682200116711,Bu'aale,0.5163749201445982,16,1.0,6.0,90,5.0,0.0,0.0,9,1.0
2019-07-01,0.1798890136234226,Burco,0.2998339565222233,18,0.0,0.0,18,2.0,0.0,0.0,7,0.0
2019-07-01,0.4798138405125635,Bulo Burto,0.5898451672177014,17,6.0,2.0,62,3.0,2.0,2.0,14,1.0
2019-07-01,0.631234351243638,Diinsoor,0.5512844916157692,34,8.0,2.0,28,2.0,0.0,5.0,13,3.0
2019-07-01,0.4195523751616953,Dhuusamarreeb,0.350049306671516,33,2.0,0.0,5,0.0,0.0,2.0,6,0.0
2019-07-01,0.3959349225046938,Ceerigaabo,0.3969125115565767,32,1.0,0.0,2,0.0,0.0,1.0,16,0.0
2019-07-01,0.2898932988948713,Ceel Waaq,0.4894280635303719,31,2.0,6.0,18,8.0,0.0,0.0,13,0.0
2019-07-01,0.3728953651323323,Ceel Dheer,0.302048788800896,30,1.0,0.0,10,0.0,0.0,0.0,1,1.0
2019-07-01,0.4128893068350834,Ceel Buur,0.3777466079633201,29,1.0,0.0,1,0.0,0.0,1.0,4,0.0
2019-07-01,0.6338574120659726,Ceel Barde,0.5293849399339471,28,0.0,0.0,0,0.0,1.0,0.0,1,0.0
2019-07-01,0.4261285631981143,Doolow,0.5545845681860391,35,2.0,0.0,0,0.0,0.0,1.0,3,1.0
2019-07-01,0.4918983277534718,Caluula,0.4710581502935269,25,0.0,0.0,1,1.0,0.0,0.0,1,0.0
2019-07-01,0.3083621800244197,Cadale,0.3368835013608263,24,13.0,3.0,87,0.0,0.0,5.0,21,6.0
2019-07-01,0.4486568197838627,Cadaado,0.3520109308137275,23,0.0,1.0,0,1.0,0.0,0.0,2,0.0
2019-07-01,0.4257411293474653,Cabudwaaq,0.3728535271691253,22,0.0,0.0,1,0.0,0.0,0.0,3,0.0
2019-07-01,0.6211723936273237,Buur Hakaba,0.5490683229813665,21,12.0,10.0,132,7.0,3.0,4.0,30,11.0
2019-07-01,0.2280735519390103,Buuhoodle,0.3121385033565494,20,0.0,0.0,3,0.0,0.0,0.0,4,0.0
2019-07-01,0.4017099370835031,Ceel Afweyn,0.4022499807716035,27,0.0,0.0,2,0.0,0.0,0.0,2,0.0
2020-01-01,0.4244430093639005,Qansax Dheere,0.6480009367515506,59,2.0,0.0,16,1.0,2.0,1.0,5,0.0
2020-01-01,0.3608793180798564,Cabudwaaq,0.4257411293474653,22,1.0,0.0,2,0.0,0.0,1.0,2,0.0
2020-01-01,0.3380690991281885,Cadaado,0.4486568197838627,23,1.0,0.0,1,0.0,0.0,0.0,3,0.0
2020-01-01,0.3266989556530952,Ceel Buur,0.4128893068350834,29,1.0,0.0,2,0.0,0.0,0.0,1,1.0
2020-01-01,0.2858416181007885,Ceel Dheer,0.3728953651323323,30,1.0,0.0,0,0.0,0.0,1.0,1,0.0
2020-01-01,0.3225435261156694,Dhuusamarreeb,0.4195523751616953,33,0.0,1.0,11,0.0,0.0,0.0,18,0.0
2020-01-01,0.2304840065259306,Baardheere,0.2484368223141074,3,5.0,4.0,36,2.0,0.0,0.0,14,5.0
2020-01-01,0.3596606279203213,Garbahaarey,0.4048338368195087,39,4.0,2.0,9,1.0,0.0,1.0,7,3.0
2020-01-01,0.2331280633404549,Ceel Waaq,0.2898932988948713,31,4.0,0.0,2,3.0,0.0,0.0,5,1.0
2020-01-01,0.3757435851904466,Doolow,0.4261285631981143,35,0.0,1.0,0,0.0,0.0,0.0,2,1.0
2020-01-01,0.3060848186846958,Luuq,0.3829595838278671,55,0.0,0.0,0,0.0,0.0,0.0,3,0.0
2020-01-01,0.4625835669613974,Belet Weyne,0.4954915340016362,11,11.0,4.0,46,2.0,1.0,4.0,36,4.0
2020-01-01,0.4556007922535211,Bulo Burto,0.4798138405125635,17,12.0,2.0,51,4.0,4.0,0.0,20,9.0
2020-01-01,0.4420162648228424,Diinsoor,0.631234351243638,34,5.0,1.0,21,0.0,0.0,2.0,7,4.0
2020-01-01,0.4544457188450606,Jalalaqsi,0.4735042553650304,45,8.0,3.0,47,6.0,0.0,3.0,13,1.0
2020-01-01,0.3524982406755805,Belet Xaawo,0.4081442057063084,12,2.0,0.0,3,0.0,0.0,1.0,5,1.0
2020-01-01,0.4157290382244143,Buur Hakaba,0.6211723936273237,21,6.0,1.0,10,2.0,1.0,3.0,9,2.0
2020-01-01,0.4367229608336327,Waajid,0.5312342103332384,68,1.0,1.0,1,0.0,0.0,1.0,2,1.0
2020-01-01,0.3997979640997746,Qardho,0.3964549089065016,60,0.0,0.0,1,0.0,0.0,0.0,1,0.0
2020-01-01,0.2082093691694821,Baki,0.2441924314943121,5,1.0,0.0,0,0.0,0.0,0.0,1,1.0
2020-01-01,0.1412881669919613,Borama,0.2138712946350238,14,0.0,0.0,0,0.0,0.0,0.0,7,0.0
2020-01-01,0.2421965609399425,Lughaye,0.3084001655970627,54,0.0,0.0,10,0.0,0.0,0.0,2,0.0
2020-01-01,0.4899163797343827,Ceel Barde,0.6338574120659726,28,4.0,0.0,12,2.0,0.0,1.0,4,0.0
2020-01-01,0.4204941640139457,Rab Dhuure,0.4879275725437716,62,0.0,1.0,10,0.0,0.0,0.0,2,1.0
2020-01-01,0.4117135401565671,Tayeeglow,0.5185117637649114,67,4.0,0.0,1,0.0,0.0,4.0,4,0.0
2020-01-01,0.4469897765997728,Xudur,0.549549493748511,72,15.0,3.0,9,1.0,0.0,8.0,21,5.0
2020-01-01,0.464595584853251,Banadir,0.4512394733904072,7,120.0,3.0,337,5.0,1.0,33.0,261,87.0
2020-01-01,0.3404326123128119,Bandarbeyla,0.3243528970286548,8,0.0,0.0,0,0.0,0.0,0.0,1,0.0
2020-01-01,0.4153248254892724,Bossaso,0.4283242181220916,15,8.0,5.0,42,4.0,0.0,5.0,39,7.0
2020-01-01,0.4729064039408867,Caluula,0.4918983277534718,25,0.0,0.0,1,0.0,0.0,0.0,1,0.0
2020-01-01,0.3742070183891431,Iskushuban,0.3383899894950222,44,6.0,0.0,3,0.0,0.0,1.0,6,3.0
2020-01-01,0.2639538679142639,Badhaadhe,0.3489569935965541,4,10.0,2.0,30,5.0,0.0,2.0,15,4.0
2020-01-01,0.4505242752665433,Baraawe,0.4454830625784129,9,12.0,1.0,27,1.0,0.0,1.0,16,11.0
2020-01-01,0.3619308628245356,Kismaayo,0.3769676308818636,50,22.0,16.0,124,2.0,1.0,5.0,67,29.0
2020-01-01,0.345604315497886,Eyl,0.3279739567099389,36,1.0,0.0,1,0.0,0.0,1.0,1,0.0
2020-01-01,0.3761939925204259,Garoowe,0.2932033874905685,40,0.0,0.0,8,0.0,0.0,0.0,8,0.0
2020-01-01,0.2885139291677652,Ceel Afweyn,0.4017099370835031,27,0.0,0.0,26,0.0,0.0,0.0,11,0.0
2020-01-01,0.2514301767289815,Ceerigaabo,0.3959349225046938,32,1.0,1.0,37,0.0,0.0,0.0,11,1.0
2020-01-01,0.1814135894950207,Laas Caanood,0.3761680108430838,52,1.0,0.0,2,0.0,0.0,0.0,14,1.0
2020-01-01,0.1350544166033915,Buuhoodle,0.2280735519390103,20,0.0,0.0,12,0.0,0.0,0.0,2,0.0
2020-01-01,0.132173714024146,Owdweyne,0.2163547982087805,57,0.0,0.0,4,2.0,0.0,0.0,2,0.0
2020-01-01,0.1455487847587028,Sheikh,0.2081401693223537,65,0.0,0.0,0,0.0,0.0,0.0,1,0.0
2020-01-01,0.1808939137198255,Berbera,0.2324431385911439,13,0.0,0.0,0,0.0,0.0,0.0,2,0.0
2020-01-01,0.1675903119868637,Gebiley,0.2667717736348647,41,0.0,0.0,1,0.0,0.0,0.0,1,0.0
2020-01-01,0.3833278902677988,Jamaame,0.4403832811966767,46,1.0,7.0,29,3.0,0.0,1.0,9,4.0
2020-01-01,0.1277865307901176,Hargeysa,0.2029943156263941,42,0.0,0.0,5,0.0,0.0,0.0,9,0.0
2020-01-01,0.0911891620672353,Burco,0.1798890136234226,18,0.0,0.0,0,0.0,0.0,0.0,5,0.0
2020-01-01,0.3925848407833757,Xarardheere,0.3962781291497199,70,1.0,0.0,3,0.0,0.0,0.0,2,0.0
2020-01-01,0.1939232409381663,Caynabo,0.3650665187072713,26,0.0,0.0,0,0.0,0.0,0.0,2,0.0
2020-01-01,0.306084466714388,Hobyo,0.3706782212839118,43,0.0,0.0,24,0.0,0.0,0.0,4,0.0
2020-01-01,0.3512605042016806,Jariiban,0.4090915108402051,47,0.0,0.0,58,0.0,0.0,0.0,6,0.0
2020-01-01,0.4855604762788724,Kurtunwaarey,0.4452618351340643,51,1.0,0.0,4,0.0,0.0,1.0,1,0.0
2020-01-01,0.4905037846230626,Marka,0.4637137550163429,56,46.0,9.0,130,9.0,0.0,1.0,66,45.0
2020-01-01,0.4801347611599085,Qoryooley,0.4443390921876267,61,27.0,1.0,63,4.0,0.0,4.0,35,19.0
2020-01-01,0.4933201385452746,Sablaale,0.4587764880148566,64,0.0,2.0,6,1.0,0.0,0.0,2,1.0
2020-01-01,0.4118061786950391,Bu'aale,0.3994682200116711,16,0.0,8.0,5,8.0,0.0,0.0,10,0.0
2020-01-01,0.3881953090823434,Jilib,0.3909294797509632,48,0.0,16.0,57,16.0,0.0,0.0,19,0.0
2020-01-01,0.4289798374962383,Wanla Weyn,0.4147038987749591,69,10.0,4.0,83,5.0,0.0,2.0,24,6.0
2020-01-01,0.2890189520624303,Adan Yabaal,0.3126112111904077,0,10.0,6.0,26,1.0,0.0,7.0,14,2.0
2020-01-01,0.4582353863030873,Afgooye,0.4492225378213771,1,85.0,12.0,336,13.0,0.0,12.0,134,72.0
2020-01-01,0.3992414113024258,Balcad,0.3899254108022901,6,48.0,4.0,183,12.0,0.0,15.0,81,22.0
2020-01-01,0.2905168905168905,Cadale,0.3083621800244197,24,12.0,6.0,53,2.0,0.0,4.0,20,4.0
2020-01-01,0.4604083984124952,Jowhar,0.4462076309782391,49,31.0,4.0,93,6.0,0.0,18.0,50,8.0
2020-01-01,0.4371415325518246,Gaalkacyo,0.4778162642037701,37,4.0,1.0,28,0.0,0.0,0.0,31,5.0
2020-07-01,0.2388133498145859,Baardheere,0.2304840065259306,3,7.0,3.0,6,5.0,3.0,1.0,11,4.0
2020-07-01,0.3458185340652244,Cadaado,0.3380690991281885,23,0.0,2.0,6,0.0,0.0,0.0,5,2.0
2020-07-01,0.3598183881952327,Ceel Buur,0.3266989556530952,29,4.0,1.0,5,0.0,0.0,4.0,7,1.0
2020-07-01,0.2814535481659239,Ceel Dheer,0.2858416181007885,30,1.0,0.0,0,0.0,0.0,1.0,1,0.0
2020-07-01,0.3271635817908954,Dhuusamarreeb,0.3225435261156694,33,2.0,1.0,34,0.0,0.0,1.0,22,2.0
2020-07-01,0.3835327234342012,Belet Xaawo,0.3524982406755805,12,3.0,0.0,3,0.0,0.0,1.0,12,2.0
2020-07-01,0.3641207815275311,Doolow,0.3757435851904466,35,1.0,0.0,1,0.0,0.0,1.0,5,0.0
2020-07-01,0.3637295081967213,Garbahaarey,0.3596606279203213,39,4.0,1.0,6,3.0,1.0,0.0,6,2.0
2020-07-01,0.3583282114320836,Luuq,0.3060848186846958,55,8.0,0.0,6,5.0,2.0,2.0,9,1.0
2020-07-01,0.2474660340737546,Belet Weyne,0.4625835669613974,11,18.0,3.0,63,3.0,2.0,5.0,54,12.0
2020-07-01,0.1980742778541953,Bulo Burto,0.4556007922535211,17,19.0,6.0,32,3.0,1.0,12.0,30,4.0
2020-07-01,0.1947145350286711,Jalalaqsi,0.4544457188450606,45,6.0,0.0,1,2.0,0.0,3.0,6,0.0
2020-07-01,0.5084745762711864,Qansax Dheere,0.4244430093639005,59,2.0,0.0,0,1.0,1.0,0.0,4,1.0
2020-07-01,0.2664990571967316,Ceel Waaq,0.2331280633404549,31,3.0,1.0,6,2.0,0.0,0.0,6,2.0
2020-07-01,0.492387605230163,Diinsoor,0.4420162648228424,34,10.0,5.0,24,0.0,0.0,6.0,21,7.0
2020-07-01,0.2774755168661588,Badhaadhe,0.2639538679142639,4,16.0,2.0,27,10.0,0.0,3.0,18,5.0
2020-07-01,0.1912113359430997,Borama,0.1412881669919613,14,0.0,0.0,1,0.0,0.0,0.0,3,0.0
2020-07-01,0.58780127889818,Ceel Barde,0.4899163797343827,28,1.0,0.0,0,1.0,1.0,0.0,1,0.0
2020-07-01,0.5072024260803639,Rab Dhuure,0.4204941640139457,62,1.0,0.0,1,0.0,0.0,0.0,1,0.0
2020-07-01,0.4702754954084098,Tayeeglow,0.4117135401565671,67,1.0,2.0,5,0.0,0.0,1.0,5,1.0
2020-07-01,0.4955684007707129,Buur Hakaba,0.4157290382244143,21,6.0,7.0,25,4.0,0.0,3.0,18,6.0
2020-07-01,0.4933524973050665,Waajid,0.4367229608336327,68,2.0,1.0,5,2.0,2.0,0.0,3,1.0
2020-07-01,0.4319770246468998,Banadir,0.464595584853251,7,156.0,10.0,202,5.0,0.0,37.0,305,120.0
2020-07-01,0.3622932391199615,Bossaso,0.4153248254892724,15,12.0,1.0,25,0.0,0.0,5.0,43,13.0
2020-07-01,0.2954636692091529,Iskushuban,0.3742070183891431,44,5.0,0.0,4,0.0,0.0,0.0,7,7.0
2020-07-01,0.3539238539238539,Qardho,0.3997979640997746,60,0.0,0.0,1,0.0,0.0,0.0,1,0.0
2020-07-01,0.5317134742821079,Xudur,0.4469897765997728,72,2.0,3.0,13,0.0,0.0,0.0,6,3.0
2020-07-01,0.3061224489795918,Jamaame,0.3833278902677988,46,2.0,9.0,40,5.0,0.0,2.0,14,4.0
2020-07-01,0.3746074472857784,Cabudwaaq,0.3608793180798564,22,1.0,0.0,4,0.0,0.0,1.0,5,0.0
2020-07-01,0.4841321666449001,Afgooye,0.4582353863030873,1,94.0,12.0,184,11.0,0.0,8.0,134,87.0
2020-07-01,0.3128870890900428,Garoowe,0.3761939925204259,40,2.0,0.0,6,0.0,0.0,2.0,17,0.0
2020-07-01,0.3018453427065026,Ceel Afweyn,0.2885139291677652,27,0.0,0.0,4,0.0,0.0,0.0,3,0.0
2020-07-01,0.263567871280807,Ceerigaabo,0.2514301767289815,32,0.0,0.0,13,0.0,0.0,0.0,10,0.0
2020-07-01,0.2574626865671642,Caynabo,0.1939232409381663,26,0.0,0.0,1,0.0,0.0,0.0,3,0.0
2020-07-01,0.140943301555444,Burco,0.0911891620672353,18,0.0,0.0,0,0.0,0.0,0.0,2,0.0
2020-07-01,0.1898253606681852,Buuhoodle,0.1350544166033915,20,0.0,0.0,1,0.0,0.0,0.0,6,0.0
2020-07-01,0.2058333333333333,Berbera,0.1808939137198255,13,0.0,0.0,0,0.0,0.0,0.0,1,0.0
2020-07-01,0.1924063622370446,Gebiley,0.1675903119868637,41,0.0,0.0,0,0.0,0.0,0.0,1,0.0
2020-07-01,0.1965854943370926,Hargeysa,0.1277865307901176,42,0.0,0.0,4,0.0,0.0,0.0,8,0.0
2020-07-01,0.3781725888324873,Burtinle,0.415721780335082,19,0.0,0.0,1,0.0,0.0,0.0,1,0.0
2020-07-01,0.2414050822122571,Xarardheere,0.3925848407833757,70,1.0,0.0,0,0.0,0.0,0.0,1,0.0
2020-07-01,0.2306675479180436,Laas Caanood,0.1814135894950207,52,0.0,0.0,1,0.0,0.0,0.0,4,0.0
2020-07-01,0.2841803865425912,Hobyo,0.306084466714388,43,1.0,0.0,3,0.0,0.0,0.0,1,1.0
2020-07-01,0.4911894273127753,Baraawe,0.4505242752665433,9,9.0,3.0,20,6.0,0.0,0.0,13,6.0
2020-07-01,0.4615277970331346,Marka,0.4905037846230626,56,57.0,15.0,194,12.0,0.0,1.0,79,57.0
2020-07-01,0.4593911683311274,Qoryooley,0.4801347611599085,61,24.0,1.0,37,5.0,0.0,2.0,25,18.0
2020-07-01,0.4548825710754017,Sablaale,0.4933201385452746,64,1.0,0.0,4,0.0,0.0,1.0,1,0.0
2020-07-01,0.4714070729872084,Wanla Weyn,0.4289798374962383,69,7.0,2.0,49,0.0,0.0,2.0,23,5.0
2020-07-01,0.3788461538461538,Bu'aale,0.4118061786950391,16,2.0,6.0,11,5.0,0.0,2.0,9,1.0
2020-07-01,0.3705150271415331,Kismaayo,0.3619308628245356,50,12.0,13.0,159,3.0,0.0,2.0,51,20.0
2020-07-01,0.2773519163763066,Adan Yabaal,0.2890189520624303,0,5.0,1.0,8,0.0,0.0,3.0,5,0.0
2020-07-01,0.4233865465957157,Balcad,0.3992414113024258,6,29.0,4.0,53,9.0,0.0,5.0,41,19.0
2020-07-01,0.2759462759462759,Cadale,0.2905168905168905,24,7.0,0.0,7,1.0,0.0,4.0,11,2.0
2020-07-01,0.4605536885901744,Jowhar,0.4604083984124952,49,42.0,4.0,36,14.0,0.0,14.0,57,13.0
2020-07-01,0.3833366448109146,Gaalkacyo,0.4371415325518246,37,3.0,1.0,41,0.0,0.0,3.0,34,1.0
2020-07-01,0.4519462624870823,Galdogob,0.4141636814549462,38,0.0,0.0,1,0.0,0.0,0.0,1,0.0
2020-07-01,0.3124158815612382,Jilib,0.3881953090823434,48,2.0,18.0,48,17.0,0.0,0.0,23,0.0
2021-01-01,0.4282333104445733,Bossaso,0.3622932391199615,15,10.0,1.0,25,0.0,0.0,0.0,20,11.0
2021-01-01,0.3438764024096086,Caluula,0.3592467407049734,25,0.0,1.0,10,0.0,0.0,0.0,1,1.0
2021-01-01,0.3565675219048366,Iskushuban,0.2954636692091529,44,3.0,1.0,22,2.0,0.0,1.0,6,3.0
2021-01-01,0.3321710405579005,Qandala,0.3550690147548786,58,0.0,0.0,20,0.0,0.0,0.0,1,1.0
2021-01-01,0.422637962358916,Qardho,0.3539238539238539,60,0.0,0.0,0,0.0,0.0,0.0,1,0.0
2021-01-01,0.405234927348139,Burtinle,0.3781725888324873,19,0.0,0.0,1,0.0,0.0,0.0,1,0.0
2021-01-01,0.2851447172525171,Hobyo,0.2841803865425912,43,1.0,1.0,12,0.0,0.0,0.0,6,2.0
2021-01-01,0.3799963816705769,Gaalkacyo,0.3833366448109146,37,7.0,0.0,70,0.0,0.0,1.0,30,3.0
2021-01-01,0.4573444515715202,Galdogob,0.4519462624870823,38,0.0,0.0,15,0.0,0.0,0.0,6,0.0
2021-01-01,0.268406014603596,Xarardheere,0.2414050822122571,70,1.0,0.0,0,0.0,0.0,0.0,1,1.0
2021-01-01,0.4074148385946138,Cabudwaaq,0.3746074472857784,22,0.0,0.0,17,0.0,0.0,0.0,8,0.0
2021-01-01,0.3999756800889413,Cadaado,0.3458185340652244,23,1.0,0.0,2,0.0,0.0,0.0,6,1.0
2021-01-01,0.3763941017333375,Garoowe,0.3128870890900428,40,0.0,0.0,5,0.0,0.0,0.0,14,0.0
2021-01-01,0.3584365855515789,Ceel Buur,0.3598183881952327,29,1.0,1.0,2,0.0,0.0,1.0,5,1.0
2021-01-01,0.3101592806449881,Baki,0.2276853252647503,5,0.0,0.0,0,0.0,0.0,0.0,1,0.0
2021-01-01,0.2599961858750237,Ceel Afweyn,0.3018453427065026,27,0.0,0.0,3,0.0,0.0,0.0,2,0.0
2021-01-01,0.3369272237196765,Ceel Dheer,0.2814535481659239,30,0.0,1.0,0,0.0,0.0,0.0,2,1.0
2021-01-01,0.2772673624137732,Borama,0.1912113359430997,14,0.0,0.0,0,0.0,0.0,0.0,1,0.0
2021-01-01,0.2759629145666106,Berbera,0.2058333333333333,13,0.0,0.0,4,0.0,0.0,0.0,4,0.0
2021-01-01,0.2876174019676151,Gebiley,0.1924063622370446,41,0.0,0.0,0,0.0,0.0,0.0,1,0.0
2021-01-01,0.2676350893059009,Hargeysa,0.1965854943370926,42,0.0,0.0,1,0.0,0.0,0.0,4,0.0
2021-01-01,0.1371732766471581,Burco,0.140943301555444,18,0.0,0.0,4,0.0,0.0,0.0,4,0.0
2021-01-01,0.2063106796116504,Buuhoodle,0.1898253606681852,20,0.0,0.0,22,0.0,0.0,0.0,5,0.0
2021-01-01,0.2174981567952813,Caynabo,0.2574626865671642,26,0.0,0.0,0,0.0,0.0,0.0,1,0.0
2021-01-01,0.2109874570977254,Laas Caanood,0.2306675479180436,52,0.0,0.0,12,0.0,0.0,0.0,13,0.0
2021-01-01,0.2245768359322937,Ceerigaabo,0.263567871280807,32,0.0,0.0,0,0.0,0.0,0.0,8,0.0
2021-01-01,0.3560481018674942,Dhuusamarreeb,0.3271635817908954,33,11.0,8.0,33,7.0,0.0,1.0,39,10.0
2021-01-01,0.3462197497828791,Bulo Burto,0.1980742778541953,17,28.0,5.0,30,13.0,10.0,2.0,34,15.0
2021-01-01,0.4472915724098218,Xudur,0.5317134742821079,72,16.0,1.0,11,1.0,1.0,5.0,19,11.0
2021-01-01,0.3868994061543999,Baardheere,0.2388133498145859,3,10.0,1.0,11,5.0,4.0,2.0,17,4.0
2021-01-01,0.3349866620681312,Belet Xaawo,0.3835327234342012,12,2.0,2.0,19,1.0,0.0,0.0,16,3.0
2021-01-01,0.3544682405589296,Ceel Waaq,0.2664990571967316,31,5.0,0.0,12,4.0,0.0,0.0,10,1.0
2021-01-01,0.3515556336790297,Doolow,0.3641207815275311,35,2.0,1.0,1,0.0,0.0,2.0,7,1.0
2021-01-01,0.3071993772609909,Belet Weyne,0.2474660340737546,11,25.0,5.0,33,3.0,0.0,7.0,62,14.0
2021-01-01,0.3731717928980219,Luuq,0.3583282114320836,55,3.0,0.0,4,1.0,1.0,1.0,7,1.0
2021-01-01,0.4008547346761109,Bu'aale,0.3788461538461538,16,0.0,2.0,8,1.0,0.0,0.0,2,1.0
2021-01-01,0.4043924756806527,Jilib,0.3124158815612382,48,2.0,6.0,47,3.0,0.0,2.0,10,3.0
2021-01-01,0.4710969130686256,Banadir,0.4319770246468998,7,121.0,3.0,235,2.0,0.0,32.0,224,88.0
2021-01-01,0.4056724072698737,Badhaadhe,0.2774755168661588,4,26.0,1.0,3,23.0,0.0,1.0,27,3.0
2021-01-01,0.4376510659496103,Jamaame,0.3061224489795918,46,1.0,7.0,23,0.0,0.0,0.0,8,8.0
2021-01-01,0.3934804082976622,Kismaayo,0.3705150271415331,50,51.0,10.0,83,11.0,0.0,3.0,83,44.0
2021-01-01,0.4498858793883663,Waajid,0.4933524973050665,68,12.0,1.0,8,2.0,2.0,4.0,14,7.0
2021-01-01,0.4212055712220329,Tayeeglow,0.4702754954084098,67,2.0,0.0,2,0.0,0.0,2.0,2,0.0
2021-01-01,0.3273081001778068,Garbahaarey,0.3637295081967213,39,14.0,2.0,13,3.0,2.0,5.0,20,8.0
2021-01-01,0.593619466793754,Ceel Barde,0.58780127889818,28,3.0,1.0,25,0.0,0.0,1.0,4,3.0
2021-01-01,0.4587641132763954,Rab Dhuure,0.5072024260803639,62,1.0,0.0,1,0.0,0.0,1.0,1,0.0
2021-01-01,0.2867946480511925,Adan Yabaal,0.2773519163763066,0,3.0,0.0,0,0.0,0.0,3.0,4,0.0
2021-01-01,0.4248102325025402,Balcad,0.4233865465957157,6,20.0,3.0,53,4.0,0.0,6.0,30,10.0
2021-01-01,0.2873604609290601,Cadale,0.2759462759462759,24,7.0,3.0,20,3.0,0.0,3.0,12,4.0
2021-01-01,0.4476632959825088,Jowhar,0.4605536885901744,49,27.0,3.0,42,10.0,0.0,10.0,42,8.0
2021-01-01,0.4637639420358601,Afgooye,0.4841321666449001,1,130.0,13.0,242,24.0,0.0,6.0,156,113.0
2021-01-01,0.4655421778369564,Baraawe,0.4911894273127753,9,25.0,3.0,3,11.0,0.0,0.0,29,17.0
2021-01-01,0.4575951234622532,Kurtunwaarey,0.4643330681516839,51,2.0,3.0,2,1.0,0.0,1.0,6,3.0
2021-01-01,0.4080728253042081,Jalalaqsi,0.1947145350286711,45,12.0,1.0,10,4.0,0.0,4.0,14,3.0
2021-01-01,0.4512228697099891,Qoryooley,0.4593911683311274,61,20.0,11.0,63,4.0,0.0,1.0,31,26.0
2021-01-01,0.4486895846702985,Sablaale,0.4548825710754017,64,0.0,4.0,32,2.0,0.0,0.0,4,2.0
2021-01-01,0.4482908617511664,Wanla Weyn,0.4714070729872084,69,5.0,0.0,38,0.0,0.0,2.0,12,3.0
2021-01-01,0.4253398378500371,Buur Hakaba,0.4955684007707129,21,3.0,6.0,18,1.0,1.0,2.0,14,6.0
2021-01-01,0.419636541705207,Diinsoor,0.492387605230163,34,10.0,6.0,33,2.0,1.0,2.0,17,12.0
2021-01-01,0.4305075046172255,Qansax Dheere,0.5084745762711864,59,11.0,1.0,6,3.0,3.0,2.0,13,7.0
2021-01-01,0.4460078540314803,Marka,0.4615277970331346,56,84.0,9.0,28,30.0,0.0,0.0,93,61.0
