date,next_prevalence,district,GAM Prevalence,actor2_Police Forces of Somaliland (2010-),interaction_12,fatalities,interaction_27,actor2_Al Shabaab,district_encoded,actor1_Police Forces of Somalia (2017-2022),actor1_Military Forces of Somalia (2017-2022),actor2_Military Forces of Somalia (2017-2022)
2017-07-01,0.1689999999999999,Zeylac,0.3796,3.0,0.0,1.0,0.0,0.0,73,0.0,0.0,0.0
2017-07-01,0.2027999999999999,Buuhoodle,0.3406000000000001,1.0,1.0,41.0,1.0,1.0,20,0.0,0.0,0.0
2017-07-01,0.2886,Buur Hakaba,0.3588,0.0,21.0,104.0,7.0,35.0,21,0.0,3.0,0.0
2017-07-01,0.351,Cadale,0.3691999999999999,0.0,4.0,34.0,2.0,7.0,24,0.0,1.0,0.0
2017-07-01,0.3432,Caluula,0.4056,0.0,1.0,0.0,0.0,1.0,25,0.0,0.0,0.0
2017-07-01,0.2911999999999999,Caynabo,0.442,1.0,0.0,0.0,0.0,0.0,26,0.0,0.0,0.0
2017-07-01,0.3367,Ceel Afweyn,0.4446,2.0,0.0,7.0,0.0,0.0,27,0.0,0.0,0.0
2017-07-01,0.4211999999999999,Ceel Dheer,0.52,0.0,5.0,42.0,1.0,11.0,30,0.0,0.0,0.0
2017-07-01,0.3925999999999998,Ceel Waaq,0.4315999999999999,0.0,12.0,81.0,0.0,29.0,31,0.0,3.0,0.0
2017-07-01,0.4212,Ceel Buur,0.52,0.0,4.0,159.0,4.0,20.0,29,0.0,0.0,0.0
2017-07-01,0.3367000000000001,Ceerigaabo,0.4446,7.0,0.0,31.0,0.0,0.0,32,0.0,0.0,0.0
2017-07-01,0.4212,Dhuusamarreeb,0.5273255872387238,0.0,1.0,71.0,0.0,4.0,33,0.0,0.0,0.0
2017-07-01,0.2886000000000001,Diinsoor,0.3588,0.0,21.0,71.0,4.0,27.0,34,2.0,1.0,0.0
2017-07-01,0.3926,Bulo Burto,0.429,0.0,9.0,629.0,9.0,44.0,17,0.0,1.0,0.0
2017-07-01,0.3926,Doolow,0.4356257436740676,0.0,2.0,4.0,4.0,2.0,35,1.0,0.0,0.0
2017-07-01,0.3925999999999999,Bu'aale,0.4316,0.0,1.0,72.0,3.0,8.0,16,0.0,0.0,0.0
2017-07-01,0.1690000000000001,Borama,0.3795999999999999,7.0,0.0,1.0,0.0,0.0,14,0.0,0.0,0.0
2017-07-01,0.351,Afgooye,0.3692,0.0,107.0,658.0,27.0,192.0,1,1.0,34.0,3.0
2017-07-01,0.3925999999999999,Afmadow,0.4206678541919456,0.0,16.0,344.0,4.0,43.0,2,0.0,1.0,0.0
2017-07-01,0.3925999999999999,Baardheere,0.4316,0.0,22.0,180.0,6.0,62.0,3,1.0,5.0,0.0
2017-07-01,0.3926,Badhaadhe,0.4316000000000001,0.0,7.0,235.0,3.0,34.0,4,0.0,2.0,0.0
2017-07-01,0.351,Balcad,0.3692,0.0,9.0,73.0,2.0,9.0,6,0.0,6.0,1.0
2017-07-01,0.3510000000000001,Baraawe,0.3692000000000001,0.0,10.0,105.0,5.0,23.0,9,0.0,3.0,0.0
2017-07-01,0.3926,Belet Weyne,0.429,0.0,18.0,234.0,19.0,41.0,11,0.0,11.0,2.0
2017-07-01,0.1976,Berbera,0.3387799937377845,8.0,0.0,3.0,0.0,0.0,13,0.0,0.0,0.0
2017-07-01,0.3432,Bossaso,0.4160559934810628,0.0,26.0,122.0,10.0,28.0,15,0.0,0.0,0.0
2017-07-01,0.3795999999999999,Eyl,0.4523999999999998,0.0,1.0,0.0,0.0,1.0,36,0.0,0.0,0.0
2017-07-01,0.4862,Xudur,0.4862,0.0,36.0,145.0,6.0,46.0,72,1.0,3.0,0.0
2017-07-01,0.2028,Owdweyne,0.3406,0.0,0.0,0.0,0.0,0.0,57,0.0,0.0,0.0
2017-07-01,0.3431999999999999,Qandala,0.4055999999999999,0.0,16.0,77.0,4.0,1.0,58,0.0,0.0,0.0
2017-07-01,0.2886,Qansax Dheere,0.3588,0.0,7.0,72.0,4.0,10.0,59,1.0,2.0,0.0
2017-07-01,0.3432,Qardho,0.4112666438059597,0.0,1.0,26.0,0.0,1.0,60,0.0,0.0,0.0
2017-07-01,0.351,Qoryooley,0.3691999999999998,0.0,23.0,144.0,5.0,56.0,61,1.0,4.0,0.0
2017-07-01,0.4861999999999999,Rab Dhuure,0.4861999999999999,0.0,10.0,60.0,4.0,18.0,62,0.0,0.0,0.0
2017-07-01,0.4861999999999999,Tayeeglow,0.4861999999999999,0.0,7.0,43.0,5.0,9.0,67,0.0,0.0,0.0
2017-07-01,0.4861999999999999,Waajid,0.4861999999999999,0.0,15.0,47.0,2.0,26.0,68,0.0,4.0,0.0
2017-07-01,0.351,Wanla Weyn,0.3692,0.0,14.0,119.0,3.0,26.0,69,0.0,5.0,1.0
2017-07-01,0.4004000000000001,Xarardheere,0.4732000000000002,0.0,5.0,109.0,7.0,12.0,70,0.0,1.0,0.0
2017-07-01,0.4004,Gaalkacyo,0.4796931726673279,0.0,5.0,363.0,6.0,7.0,37,0.0,0.0,0.0
2017-07-01,0.351,Marka,0.3692,0.0,69.0,474.0,24.0,154.0,56,0.0,16.0,4.0
2017-07-01,0.3925999999999999,Saakow,0.4316,0.0,1.0,59.0,2.0,7.0,63,0.0,0.0,0.0
2017-07-01,0.3926,Luuq,0.4315999999999998,0.0,4.0,8.0,4.0,6.0,55,1.0,1.0,0.0
2017-07-01,0.3795999999999999,Garoowe,0.458347673913086,0.0,6.0,83.0,0.0,7.0,40,0.0,0.0,0.0
2017-07-01,0.1975999999999999,Gebiley,0.338,2.0,0.0,0.0,0.0,0.0,41,0.0,0.0,0.0
2017-07-01,0.1975999999999999,Hargeysa,0.3425891325819686,11.0,2.0,4.0,0.0,1.0,42,0.0,0.0,0.0
2017-07-01,0.4003999999999999,Hobyo,0.4732,0.0,6.0,79.0,0.0,8.0,43,0.0,0.0,0.0
2017-07-01,0.3432,Iskushuban,0.4056,0.0,4.0,80.0,0.0,3.0,44,0.0,0.0,0.0
2017-07-01,0.3925999999999999,Jalalaqsi,0.4290000000000001,0.0,1.0,15.0,3.0,8.0,45,0.0,4.0,0.0
2017-07-01,0.3926,Jamaame,0.4316000000000001,0.0,3.0,62.0,3.0,9.0,46,0.0,0.0,0.0
2017-07-01,0.3925999999999999,Garbahaarey,0.4316,0.0,4.0,459.0,3.0,26.0,39,0.0,1.0,0.0
2017-07-01,0.3925999999999999,Jilib,0.4316000000000001,0.0,4.0,70.0,5.0,20.0,48,0.0,0.0,0.0
2017-07-01,0.351,Jowhar,0.3692000000000001,0.0,39.0,279.0,13.0,98.0,49,1.0,22.0,2.0
2017-07-01,0.3925999999999999,Kismaayo,0.4255768922026957,0.0,63.0,417.0,13.0,110.0,50,0.0,2.0,0.0
2017-07-01,0.3510000000000001,Kurtunwaarey,0.3691999999999999,0.0,2.0,7.0,2.0,4.0,51,0.0,0.0,0.0
2017-07-01,0.2911999999999999,Laas Caanood,0.442,9.0,0.0,55.0,3.0,0.0,52,0.0,1.0,1.0
2017-07-01,0.3367,Laasqoray,0.4446000000000001,0.0,1.0,10.0,1.0,3.0,53,0.0,0.0,0.0
2018-01-01,0.2211366753028379,Burco,0.2028,5.0,0.0,10.0,0.0,0.0,18,0.0,0.0,0.0
2018-01-01,0.4927859267135329,Burtinle,0.3795999999999999,0.0,0.0,18.0,0.0,0.0,19,0.0,0.0,0.0
2018-01-01,0.226129551832888,Buuhoodle,0.2027999999999999,1.0,0.0,38.0,1.0,0.0,20,0.0,0.0,0.0
2018-01-01,0.4846909879180319,Buur Hakaba,0.2886,0.0,17.0,182.0,7.0,35.0,21,0.0,9.0,0.0
2018-01-01,0.2829201738380863,Cadale,0.351,0.0,1.0,46.0,2.0,4.0,24,0.0,2.0,0.0
2018-01-01,0.4507637375759017,Caluula,0.3432,0.0,1.0,0.0,0.0,1.0,25,0.0,0.0,0.0
2018-01-01,0.2428031590674251,Caynabo,0.2911999999999999,1.0,0.0,3.0,0.0,0.0,26,0.0,0.0,0.0
2018-01-01,0.2906972787612182,Ceel Afweyn,0.3367,1.0,0.0,7.0,0.0,0.0,27,0.0,0.0,0.0
2018-01-01,0.3602624374798162,Ceel Buur,0.4212,0.0,1.0,38.0,3.0,9.0,29,0.0,1.0,0.0
2018-01-01,0.3142399717243435,Ceel Dheer,0.4211999999999999,0.0,2.0,9.0,1.0,5.0,30,0.0,0.0,0.0
2018-01-01,0.2770029164634731,Ceel Waaq,0.3925999999999998,0.0,12.0,103.0,3.0,33.0,31,0.0,5.0,0.0
2018-01-01,0.3096083862495412,Ceerigaabo,0.3367000000000001,3.0,0.0,29.0,0.0,0.0,32,0.0,0.0,0.0
2018-01-01,0.3909032104916541,Dhuusamarreeb,0.4212,0.0,1.0,89.0,1.0,4.0,33,0.0,1.0,0.0
2018-01-01,0.4769534198876959,Diinsoor,0.2886000000000001,0.0,14.0,63.0,5.0,24.0,34,2.0,6.0,1.0
2018-01-01,0.5392512067568789,Doolow,0.3926,0.0,3.0,10.0,3.0,3.0,35,1.0,1.0,0.0
2018-01-01,0.3908949717937982,Bulo Burto,0.3926,0.0,10.0,120.0,11.0,45.0,17,1.0,8.0,0.0
2018-01-01,0.482210605259551,Bossaso,0.3432,0.0,52.0,215.0,15.0,51.0,15,0.0,0.0,0.0
2018-01-01,0.384859060068862,Afgooye,0.351,0.0,158.0,921.0,33.0,262.0,1,6.0,120.0,5.0
2018-01-01,0.2972606382668021,Baardheere,0.3925999999999999,0.0,23.0,191.0,8.0,61.0,3,1.0,10.0,0.0
2018-01-01,0.3711192650605567,Badhaadhe,0.3926,0.0,6.0,236.0,3.0,34.0,4,0.0,2.0,0.0
2018-01-01,0.3580405856281527,Balcad,0.351,0.0,22.0,130.0,4.0,24.0,6,0.0,20.0,2.0
2018-01-01,0.3785774588022779,Baraawe,0.3510000000000001,0.0,9.0,101.0,6.0,30.0,9,0.0,6.0,0.0
2018-01-01,0.4637281725694139,Belet Weyne,0.3926,0.0,26.0,302.0,24.0,60.0,11,4.0,28.0,5.0
2018-01-01,0.2949701973955382,Berbera,0.1976,6.0,0.0,2.0,0.0,0.0,13,0.0,0.0,0.0
2018-01-01,0.2406251937071188,Borama,0.1690000000000001,6.0,0.0,3.0,0.0,0.0,14,0.0,0.0,0.0
2018-01-01,0.4125181113098476,Bu'aale,0.3925999999999999,0.0,1.0,9.0,3.0,3.0,16,0.0,0.0,0.0
2018-01-01,0.4668580324895174,Gaalkacyo,0.4004,0.0,10.0,394.0,6.0,11.0,37,0.0,1.0,0.0
2018-01-01,0.345678336354725,Garbahaarey,0.3925999999999999,0.0,11.0,244.0,4.0,28.0,39,0.0,8.0,0.0
2018-01-01,0.5372761677527557,Qardho,0.3432,0.0,0.0,14.0,0.0,0.0,60,0.0,0.0,0.0
2018-01-01,0.4363798525409664,Qoryooley,0.351,0.0,25.0,158.0,6.0,77.0,61,2.0,15.0,0.0
2018-01-01,0.3717999999999999,Saakow,0.3925999999999999,0.0,1.0,59.0,2.0,7.0,63,0.0,0.0,0.0
2018-01-01,0.4309610549243231,Sablaale,0.3510000000000001,0.0,1.0,0.0,0.0,1.0,64,0.0,1.0,0.0
2018-01-01,0.2547557920787028,Taleex,0.2912,0.0,0.0,2.0,0.0,0.0,66,0.0,0.0,0.0
2018-01-01,0.4748949097855825,Waajid,0.4861999999999999,0.0,12.0,51.0,4.0,24.0,68,1.0,7.0,0.0
2018-01-01,0.3788174337777663,Wanla Weyn,0.351,0.0,21.0,142.0,3.0,36.0,69,0.0,14.0,2.0
2018-01-01,0.3447106682656731,Xarardheere,0.4004000000000001,0.0,4.0,99.0,6.0,10.0,70,0.0,1.0,0.0
2018-01-01,0.4689020964811947,Xudur,0.4862,0.0,34.0,174.0,4.0,48.0,72,1.0,15.0,0.0
2018-01-01,0.4695085383288688,Galdogob,0.4004,0.0,0.0,3.0,0.0,0.0,38,0.0,0.0,0.0
2018-01-01,0.5092847348131929,Qansax Dheere,0.2886,0.0,7.0,27.0,4.0,11.0,59,1.0,4.0,0.0
2018-01-01,0.4649012053458273,Qandala,0.3431999999999999,0.0,17.0,110.0,6.0,1.0,58,0.0,0.0,0.0
2018-01-01,0.2505864840856458,Sheikh,0.2028,0.0,0.0,0.0,0.0,0.0,65,0.0,0.0,0.0
2018-01-01,0.3971406259324205,Marka,0.351,0.0,46.0,330.0,26.0,147.0,56,0.0,25.0,4.0
2018-01-01,0.2303423878316652,Owdweyne,0.2028,0.0,0.0,23.0,0.0,1.0,57,0.0,0.0,0.0
2018-01-01,0.2443191130723181,Gebiley,0.1975999999999999,0.0,0.0,0.0,0.0,0.0,41,0.0,0.0,0.0
2018-01-01,0.2386485041615721,Hargeysa,0.1975999999999999,15.0,2.0,8.0,0.0,1.0,42,0.0,0.0,0.0
2018-01-01,0.3354148794445133,Hobyo,0.4003999999999999,0.0,2.0,22.0,1.0,4.0,43,0.0,0.0,0.0
2018-01-01,0.4846457772814762,Iskushuban,0.3432,0.0,16.0,99.0,1.0,13.0,44,0.0,0.0,0.0
2018-01-01,0.3858321287337016,Jalalaqsi,0.3925999999999999,0.0,3.0,45.0,2.0,20.0,45,0.0,6.0,1.0
2018-01-01,0.4077438698894172,Jamaame,0.3926,0.0,4.0,42.0,3.0,6.0,46,0.0,0.0,0.0
2018-01-01,0.5170266990935967,Garoowe,0.3795999999999999,0.0,2.0,28.0,0.0,2.0,40,0.0,0.0,0.0
2018-01-01,0.3830459721840857,Jowhar,0.351,0.0,40.0,266.0,17.0,106.0,49,1.0,41.0,4.0
2018-01-01,0.4685498464822668,Kismaayo,0.3925999999999999,0.0,83.0,490.0,17.0,126.0,50,0.0,7.0,0.0
2018-01-01,0.4461179568825337,Kurtunwaarey,0.3510000000000001,0.0,5.0,14.0,1.0,7.0,51,0.0,3.0,0.0
2018-01-01,0.2293654902134254,Laas Caanood,0.2911999999999999,5.0,1.0,62.0,2.0,1.0,52,0.0,1.0,1.0
2018-01-01,0.2261999999999999,Laasqoray,0.3367,0.0,1.0,4.0,1.0,1.0,53,0.0,0.0,0.0
2018-01-01,0.4123022966960434,Luuq,0.3926,0.0,4.0,7.0,6.0,5.0,55,1.0,1.0,0.0
2018-01-01,0.4060356888423295,Jilib,0.3925999999999999,0.0,4.0,145.0,4.0,21.0,48,0.0,1.0,0.0
2018-07-01,0.4133399855287525,Burtinle,0.4927859267135329,0.0,0.0,19.0,0.0,0.0,19,0.0,0.0,0.0
2018-07-01,0.188847667729668,Buuhoodle,0.226129551832888,1.0,0.0,22.0,0.0,0.0,20,0.0,0.0,0.0
2018-07-01,0.47037719442215,Buur Hakaba,0.4846909879180319,0.0,18.0,179.0,3.0,33.0,21,1.0,15.0,1.0
2018-07-01,0.3232371835699271,Cabudwaaq,0.4299665440197571,0.0,0.0,77.0,0.0,0.0,22,0.0,2.0,0.0
2018-07-01,0.3305779447408884,Cadaado,0.4263710655123516,0.0,1.0,31.0,0.0,1.0,23,1.0,3.0,0.0
2018-07-01,0.5231865541625861,Caluula,0.4507637375759017,0.0,2.0,12.0,0.0,2.0,25,0.0,0.0,0.0
2018-07-01,0.3168079047398306,Ceel Buur,0.3602624374798162,0.0,1.0,28.0,2.0,5.0,29,0.0,1.0,0.0
2018-07-01,0.4201611561308622,Ceel Afweyn,0.2906972787612182,2.0,0.0,44.0,0.0,0.0,27,0.0,0.0,0.0
2018-07-01,0.3237222467082124,Ceel Dheer,0.3142399717243435,0.0,0.0,2.0,0.0,1.0,30,0.0,0.0,0.0
2018-07-01,0.3215618498962238,Ceel Waaq,0.2770029164634731,0.0,11.0,87.0,3.0,40.0,31,0.0,10.0,0.0
2018-07-01,0.4231594017049179,Ceerigaabo,0.3096083862495412,5.0,1.0,67.0,0.0,1.0,32,0.0,0.0,0.0
2018-07-01,0.3069711905400723,Dhuusamarreeb,0.3909032104916541,0.0,1.0,91.0,2.0,3.0,33,0.0,3.0,0.0
2018-07-01,0.1770356571398554,Burco,0.2211366753028379,9.0,0.0,7.0,0.0,0.0,18,0.0,0.0,0.0
2018-07-01,0.3464523514753054,Caynabo,0.2428031590674251,0.0,0.0,3.0,0.0,0.0,26,0.0,0.0,0.0
2018-07-01,0.470453127878576,Bulo Burto,0.3908949717937982,0.0,21.0,280.0,12.0,56.0,17,1.0,23.0,1.0
2018-07-01,0.3942170096006928,Bossaso,0.482210605259551,0.0,90.0,416.0,12.0,88.0,15,1.0,0.0,0.0
2018-07-01,0.4383403468241347,Afgooye,0.384859060068862,0.0,179.0,876.0,34.0,271.0,1,7.0,177.0,9.0
2018-07-01,0.2870882907046133,Baardheere,0.2972606382668021,0.0,20.0,206.0,7.0,62.0,3,1.0,16.0,0.0
2018-07-01,0.2330307158506623,Badhaadhe,0.3711192650605567,0.0,8.0,266.0,4.0,41.0,4,0.0,3.0,0.0
2018-07-01,0.3124852051578765,Baki,0.2761092768701464,0.0,0.0,0.0,0.0,0.0,5,0.0,0.0,0.0
2018-07-01,0.4256324032458843,Balcad,0.3580405856281527,0.0,35.0,158.0,6.0,44.0,6,0.0,38.0,8.0
2018-07-01,0.31831560695452,Bu'aale,0.4125181113098476,0.0,0.0,16.0,3.0,1.0,16,0.0,0.0,0.0
2018-07-01,0.4292576344574564,Banadir,0.4555156517242613,0.0,347.0,1928.0,177.0,351.0,7,83.0,425.0,84.0
2018-07-01,0.439931798183591,Baraawe,0.3785774588022779,0.0,19.0,94.0,10.0,48.0,9,0.0,17.0,0.0
2018-07-01,0.4723126687951987,Baydhaba,0.6333880388856111,0.0,81.0,507.0,28.0,110.0,10,19.0,68.0,6.0
2018-07-01,0.4709482336256127,Belet Weyne,0.4637281725694139,0.0,38.0,349.0,23.0,69.0,11,5.0,47.0,6.0
2018-07-01,0.4070600258586147,Belet Xaawo,0.3942363701220913,0.0,9.0,84.0,2.0,17.0,12,0.0,2.0,0.0
2018-07-01,0.2657364311048932,Berbera,0.2949701973955382,3.0,0.0,2.0,0.0,0.0,13,0.0,0.0,0.0
2018-07-01,0.204456465641011,Borama,0.2406251937071188,7.0,0.0,2.0,0.0,0.0,14,0.0,0.0,0.0
2018-07-01,0.3786044640745989,Bandarbeyla,0.499901764184284,0.0,0.0,6.0,0.0,0.0,8,0.0,0.0,0.0
2018-07-01,0.3983778863086515,Doolow,0.5392512067568789,0.0,3.0,8.0,2.0,3.0,35,1.0,2.0,0.0
2018-07-01,0.4709407002848428,Diinsoor,0.4769534198876959,0.0,13.0,56.0,6.0,21.0,34,6.0,8.0,1.0
2018-07-01,0.3939217335250711,Gaalkacyo,0.4668580324895174,0.0,11.0,181.0,7.0,10.0,37,3.0,1.0,0.0
2018-07-01,0.4847031486728068,Qandala,0.4649012053458273,0.0,10.0,64.0,6.0,1.0,58,0.0,0.0,0.0
2018-07-01,0.4706401766004414,Qansax Dheere,0.5092847348131929,0.0,8.0,35.0,6.0,14.0,59,4.0,7.0,0.0
2018-07-01,0.4087521426316601,Qardho,0.5372761677527557,0.0,0.0,10.0,0.0,0.0,60,0.0,0.0,0.0
2018-07-01,0.4388574958395,Qoryooley,0.4363798525409664,0.0,37.0,197.0,9.0,92.0,61,3.0,35.0,0.0
2018-07-01,0.3836149906890133,Saakow,0.3717999999999999,0.0,1.0,16.0,0.0,4.0,63,0.0,0.0,0.0
2018-07-01,0.4365207106198354,Sablaale,0.4309610549243231,0.0,1.0,0.0,0.0,2.0,64,0.0,1.0,0.0
2018-07-01,0.3787844823934796,Taleex,0.2547557920787028,0.0,0.0,2.0,0.0,0.0,66,0.0,0.0,0.0
2018-07-01,0.4731941786256158,Tayeeglow,0.3502607787971933,0.0,3.0,5.0,3.0,3.0,67,0.0,2.0,0.0
2018-07-01,0.4792888339084379,Waajid,0.4748949097855825,0.0,10.0,39.0,6.0,19.0,68,2.0,8.0,0.0
2018-07-01,0.4417324945420314,Wanla Weyn,0.3788174337777663,0.0,14.0,174.0,5.0,28.0,69,0.0,17.0,2.0
2018-07-01,0.3440937497588239,Xarardheere,0.3447106682656731,0.0,3.0,8.0,2.0,3.0,70,0.0,1.0,0.0
2018-07-01,0.3499931256730363,Xudun,0.2431695325710332,0.0,0.0,0.0,0.0,0.0,71,0.0,0.0,0.0
2018-07-01,0.48161201917032,Xudur,0.4689020964811947,0.0,28.0,122.0,3.0,38.0,72,1.0,22.0,0.0
2018-07-01,0.2939877424871059,Zeylac,0.4330650433619875,0.0,0.0,0.0,0.0,0.0,73,0.0,0.0,0.0
2018-07-01,0.2072939133886237,Owdweyne,0.2303423878316652,0.0,0.0,23.0,0.0,1.0,57,0.0,0.0,0.0
2018-07-01,0.4356751207813825,Marka,0.3971406259324205,0.0,55.0,276.0,18.0,157.0,56,0.0,56.0,4.0
2018-07-01,0.3817815509494871,Laasqoray,0.2261999999999999,0.0,1.0,4.0,0.0,1.0,53,0.0,0.0,0.0
2018-07-01,0.4017369795363936,Galdogob,0.4695085383288688,0.0,0.0,2.0,0.0,0.0,38,0.0,0.0,0.0
2018-07-01,0.3582420806274685,Garbahaarey,0.345678336354725,0.0,13.0,196.0,4.0,30.0,39,0.0,11.0,0.0
2018-07-01,0.3790731071095702,Garoowe,0.5170266990935967,0.0,3.0,29.0,0.0,3.0,40,0.0,0.0,0.0
2018-07-01,0.195572345649635,Gebiley,0.2443191130723181,0.0,0.0,1.0,0.0,0.0,41,0.0,0.0,0.0
2018-07-01,0.1951645146346709,Hargeysa,0.2386485041615721,16.0,2.0,8.0,0.0,1.0,42,0.0,0.0,0.0
2018-07-01,0.4239158201206688,Iskushuban,0.4846457772814762,0.0,19.0,97.0,1.0,15.0,44,0.0,0.0,0.0
2018-07-01,0.4698845151234747,Jalalaqsi,0.3858321287337016,0.0,10.0,70.0,1.0,30.0,45,1.0,13.0,2.0
2018-07-01,0.3149404261361454,Jamaame,0.4077438698894172,0.0,13.0,121.0,2.0,25.0,46,0.0,2.0,1.0
2018-07-01,0.3520726565695597,Hobyo,0.3354148794445133,0.0,2.0,22.0,1.0,4.0,43,0.0,0.0,0.0
2018-07-01,0.3157056116630282,Jilib,0.4060356888423295,0.0,2.0,170.0,5.0,24.0,48,0.0,2.0,0.0
2018-07-01,0.4361091139158288,Jowhar,0.3830459721840857,0.0,45.0,233.0,16.0,98.0,49,2.0,60.0,10.0
2018-07-01,0.3096236699207461,Kismaayo,0.4685498464822668,0.0,84.0,395.0,14.0,131.0,50,1.0,11.0,0.0
2018-07-01,0.4391758387432182,Kurtunwaarey,0.4461179568825337,0.0,9.0,23.0,2.0,11.0,51,0.0,7.0,0.0
2018-07-01,0.3237610476395274,Laas Caanood,0.2293654902134254,6.0,1.0,126.0,1.0,1.0,52,0.0,1.0,1.0
2018-07-01,0.4097136186539254,Luuq,0.4123022966960434,0.0,6.0,26.0,7.0,9.0,55,1.0,3.0,0.0
2019-01-01,0.3121385033565494,Buuhoodle,0.188847667729668,1.0,0.0,63.0,1.0,0.0,20,0.0,0.0,1.0
2019-01-01,0.5490683229813665,Buur Hakaba,0.47037719442215,0.0,21.0,263.0,4.0,37.0,21,2.0,16.0,4.0
2019-01-01,0.3728535271691253,Cabudwaaq,0.3232371835699271,0.0,1.0,78.0,0.0,0.0,22,1.0,2.0,0.0
2019-01-01,0.3520109308137275,Cadaado,0.3305779447408884,0.0,1.0,56.0,0.0,1.0,23,1.0,3.0,0.0
2019-01-01,0.3368835013608263,Cadale,0.397642761583422,0.0,2.0,63.0,4.0,4.0,24,0.0,2.0,2.0
2019-01-01,0.350049306671516,Dhuusamarreeb,0.3069711905400723,0.0,2.0,102.0,3.0,3.0,33,0.0,3.0,0.0
2019-01-01,0.5293849399339471,Ceel Barde,0.523846379837409,0.0,1.0,24.0,4.0,3.0,28,1.0,0.0,1.0
2019-01-01,0.3777466079633201,Ceel Buur,0.3168079047398306,0.0,1.0,28.0,3.0,5.0,29,0.0,1.0,0.0
2019-01-01,0.302048788800896,Ceel Dheer,0.3237222467082124,0.0,0.0,62.0,0.0,2.0,30,0.0,0.0,0.0
2019-01-01,0.4894280635303719,Ceel Waaq,0.3215618498962238,0.0,11.0,96.0,5.0,42.0,31,0.0,10.0,0.0
2019-01-01,0.3969125115565767,Ceerigaabo,0.4231594017049179,5.0,1.0,83.0,0.0,1.0,32,0.0,0.0,0.0
2019-01-01,0.2998339565222233,Burco,0.1770356571398554,9.0,0.0,7.0,0.0,0.0,18,0.0,0.0,0.0
2019-01-01,0.5512844916157692,Diinsoor,0.4709407002848428,0.0,16.0,60.0,7.0,22.0,34,6.0,9.0,3.0
2019-01-01,0.4022499807716035,Ceel Afweyn,0.4201611561308622,2.0,0.0,48.0,0.0,0.0,27,0.0,0.0,2.0
2019-01-01,0.5898451672177014,Bulo Burto,0.470453127878576,0.0,25.0,337.0,12.0,59.0,17,1.0,24.0,5.0
2019-01-01,0.5737354286751378,Baydhaba,0.4723126687951987,0.0,108.0,659.0,40.0,123.0,10,23.0,81.0,24.0
2019-01-01,0.3081383281834315,Bossaso,0.3942170096006928,0.0,99.0,466.0,18.0,90.0,15,5.0,0.0,2.0
2019-01-01,0.462159131461528,Afgooye,0.4383403468241347,0.0,229.0,1021.0,40.0,299.0,1,8.0,196.0,41.0
2019-01-01,0.5213965829380455,Baardheere,0.2870882907046133,0.0,23.0,248.0,8.0,66.0,3,1.0,17.0,1.0
2019-01-01,0.4823586641167936,Badhaadhe,0.2330307158506623,0.0,12.0,281.0,4.0,44.0,4,0.0,3.0,1.0
2019-01-01,0.4207892941616012,Balcad,0.4256324032458843,0.0,52.0,193.0,9.0,57.0,6,0.0,47.0,18.0
2019-01-01,0.4536122788198948,Banadir,0.4292576344574564,0.0,459.0,2421.0,227.0,375.0,7,101.0,482.0,170.0
2019-01-01,0.4680395945111392,Baraawe,0.439931798183591,0.0,23.0,99.0,11.0,51.0,9,0.0,18.0,6.0
2019-01-01,0.5868054618205713,Belet Weyne,0.4709482336256127,0.0,44.0,411.0,27.0,73.0,11,5.0,53.0,10.0
2019-01-01,0.5172155129757019,Belet Xaawo,0.4070600258586147,0.0,12.0,109.0,7.0,19.0,12,0.0,2.0,0.0
2019-01-01,0.2430326560610348,Berbera,0.2657364311048932,3.0,0.0,2.0,0.0,0.0,13,1.0,0.0,0.0
2019-01-01,0.5163749201445982,Bu'aale,0.31831560695452,0.0,1.0,37.0,4.0,5.0,16,0.0,2.0,0.0
2019-01-01,0.5545845681860391,Doolow,0.3983778863086515,0.0,5.0,39.0,3.0,4.0,35,1.0,3.0,0.0
2019-01-01,0.3738642018133994,Caynabo,0.3464523514753054,0.0,0.0,4.0,0.0,0.0,26,0.0,0.0,0.0
2019-01-01,0.3845598383707495,Galdogob,0.4017369795363936,0.0,0.0,3.0,0.0,0.0,38,0.0,0.0,0.0
2019-01-01,0.4662120199606611,Qandala,0.4847031486728068,0.0,11.0,78.0,6.0,1.0,58,0.0,0.0,0.0
2019-01-01,0.5490683229813664,Qansax Dheere,0.4706401766004414,0.0,10.0,38.0,7.0,15.0,59,4.0,8.0,1.0
2019-01-01,0.3450721294564353,Qardho,0.4087521426316601,0.0,0.0,11.0,0.0,0.0,60,0.0,0.0,0.0
2019-01-01,0.4647070601850455,Qoryooley,0.4388574958395,0.0,50.0,274.0,11.0,105.0,61,3.0,45.0,2.0
2019-01-01,0.4181286549707602,Saakow,0.3836149906890133,0.0,1.0,56.0,2.0,8.0,63,0.0,0.0,0.0
2019-01-01,0.3310823852137992,Owdweyne,0.2072939133886237,0.0,0.0,23.0,0.0,1.0,57,0.0,0.0,1.0
2019-01-01,0.311807882954238,Sheikh,0.2526659184696406,1.0,0.0,1.0,0.0,0.0,65,0.0,0.0,0.0
2019-01-01,0.5481180166869125,Tayeeglow,0.4731941786256158,0.0,4.0,6.0,3.0,3.0,67,0.0,2.0,1.0
2019-01-01,0.5458546307673043,Waajid,0.4792888339084379,0.0,12.0,52.0,8.0,21.0,68,2.0,10.0,1.0
2019-01-01,0.4732566779470763,Wanla Weyn,0.4417324945420314,0.0,19.0,226.0,6.0,32.0,69,0.0,18.0,9.0
2019-01-01,0.2395519799571875,Xarardheere,0.3440937497588239,0.0,4.0,75.0,6.0,5.0,70,0.0,1.0,1.0
2019-01-01,0.5457788588250408,Xudur,0.48161201917032,0.0,38.0,151.0,6.0,46.0,72,1.0,29.0,3.0
2019-01-01,0.389948051145162,Eyl,0.3843661195946408,0.0,1.0,0.0,0.0,1.0,36,0.0,0.0,0.0
2019-01-01,0.3972102948995347,Taleex,0.3787844823934796,0.0,0.0,13.0,0.0,0.0,66,0.0,0.0,0.0
2019-01-01,0.4539589601919299,Marka,0.4356751207813825,0.0,93.0,536.0,21.0,179.0,56,0.0,72.0,31.0
2019-01-01,0.2649276406311697,Zeylac,0.2939877424871059,0.0,0.0,0.0,0.0,0.0,73,0.0,0.0,0.0
2019-01-01,0.500413842160481,Luuq,0.4097136186539254,0.0,11.0,38.0,10.0,10.0,55,1.0,4.0,2.0
2019-01-01,0.5554649634831142,Garbahaarey,0.3582420806274685,0.0,16.0,268.0,5.0,38.0,39,0.0,13.0,0.0
2019-01-01,0.3712592237262992,Garoowe,0.3790731071095702,0.0,3.0,33.0,0.0,3.0,40,1.0,1.0,0.0
2019-01-01,0.2418992297764819,Gebiley,0.195572345649635,0.0,0.0,1.0,0.0,0.0,41,0.0,0.0,0.0
2019-01-01,0.2213906679944643,Hargeysa,0.1951645146346709,16.0,2.0,8.0,0.0,1.0,42,0.0,0.0,0.0
2019-01-01,0.3487584354785739,Hobyo,0.3520726565695597,0.0,7.0,121.0,2.0,15.0,43,0.0,0.0,0.0
2019-01-01,0.4394605539382136,Iskushuban,0.4239158201206688,0.0,23.0,97.0,1.0,18.0,44,0.0,0.0,0.0
2019-01-01,0.5921047430628529,Jalalaqsi,0.4698845151234747,0.0,16.0,78.0,3.0,35.0,45,2.0,17.0,4.0
2019-01-01,0.3602422105460542,Gaalkacyo,0.3939217335250711,0.0,12.0,209.0,8.0,10.0,37,4.0,1.0,2.0
2019-01-01,0.3501107168133883,Jariiban,0.3547174345570384,0.0,0.0,2.0,0.0,0.0,47,0.0,0.0,0.0
2019-01-01,0.5113327705575001,Jilib,0.3157056116630282,0.0,4.0,292.0,7.0,33.0,48,0.0,2.0,1.0
2019-01-01,0.4607258650079849,Jowhar,0.4361091139158288,0.0,52.0,289.0,24.0,103.0,49,2.0,67.0,17.0
2019-01-01,0.412029161025459,Kismaayo,0.3096236699207461,0.0,97.0,599.0,18.0,139.0,50,1.0,18.0,7.0
2019-01-01,0.3366077651757097,Laas Caanood,0.3237610476395274,8.0,1.0,131.0,1.0,1.0,52,0.0,3.0,1.0
2019-01-01,0.3657972542777379,Laasqoray,0.3817815509494871,0.0,2.0,16.0,0.0,2.0,53,0.0,0.0,0.0
2019-01-01,0.532680040708361,Jamaame,0.3149404261361454,0.0,24.0,198.0,2.0,40.0,46,0.0,10.0,1.0
2019-07-01,0.3761680108430838,Laas Caanood,0.3366077651757097,6.0,0.0,87.0,0.0,0.0,52,0.0,2.0,1.0
2019-07-01,0.4452618351340643,Kurtunwaarey,0.4656396293608185,0.0,4.0,15.0,1.0,6.0,51,0.0,4.0,0.0
2019-07-01,0.3769676308818636,Kismaayo,0.412029161025459,0.0,57.0,419.0,11.0,63.0,50,3.0,13.0,15.0
2019-07-01,0.4462076309782391,Jowhar,0.4607258650079849,0.0,32.0,166.0,23.0,29.0,49,2.0,29.0,29.0
2019-07-01,0.4403832811966767,Jamaame,0.532680040708361,0.0,26.0,206.0,0.0,46.0,46,0.0,12.0,1.0
2019-07-01,0.4090915108402051,Jariiban,0.3501107168133883,0.0,0.0,3.0,0.0,0.0,47,0.0,0.0,0.0
2019-07-01,0.4735042553650304,Jalalaqsi,0.5921047430628529,0.0,14.0,60.0,4.0,18.0,45,2.0,12.0,3.0
2019-07-01,0.3383899894950222,Iskushuban,0.4394605539382136,0.0,10.0,12.0,2.0,8.0,44,0.0,0.0,1.0
2019-07-01,0.3706782212839118,Hobyo,0.3487584354785739,0.0,5.0,100.0,1.0,11.0,43,0.0,0.0,0.0
2019-07-01,0.2029943156263941,Hargeysa,0.2213906679944643,3.0,0.0,4.0,0.0,0.0,42,4.0,0.0,0.0
2019-07-01,0.2667717736348647,Gebiley,0.2418992297764819,0.0,0.0,1.0,0.0,0.0,41,0.0,0.0,0.0
2019-07-01,0.3909294797509632,Jilib,0.5113327705575001,0.0,5.0,289.0,6.0,33.0,48,0.0,2.0,2.0
2019-07-01,0.3829595838278671,Luuq,0.500413842160481,0.0,7.0,32.0,6.0,5.0,55,0.0,3.0,2.0
2019-07-01,0.3964549089065016,Qardho,0.3450721294564353,0.0,0.0,7.0,0.0,0.0,60,0.0,0.0,0.0
2019-07-01,0.2163547982087805,Owdweyne,0.3310823852137992,0.0,0.0,18.0,0.0,3.0,57,0.0,0.0,1.0
2019-07-01,0.2932033874905685,Garoowe,0.3712592237262992,0.0,1.0,24.0,0.0,1.0,40,1.0,3.0,0.0
2019-07-01,0.3136157179811676,Zeylac,0.2649276406311697,0.0,0.0,0.0,0.0,0.0,73,0.0,0.0,0.0
2019-07-01,0.549549493748511,Xudur,0.5457788588250408,0.0,20.0,62.0,6.0,21.0,72,1.0,15.0,6.0
2019-07-01,0.3962781291497199,Xarardheere,0.2395519799571875,0.0,1.0,69.0,5.0,2.0,70,0.0,0.0,1.0
2019-07-01,0.4147038987749591,Wanla Weyn,0.4732566779470763,0.0,15.0,166.0,5.0,16.0,69,1.0,7.0,13.0
2019-07-01,0.5312342103332384,Waajid,0.5458546307673043,0.0,6.0,25.0,4.0,7.0,68,1.0,3.0,2.0
2019-07-01,0.5185117637649114,Tayeeglow,0.5481180166869125,0.0,4.0,2.0,3.0,4.0,67,0.0,3.0,1.0
2019-07-01,0.4587764880148566,Sablaale,0.4578215216645919,0.0,0.0,16.0,0.0,3.0,64,0.0,0.0,0.0
2019-07-01,0.4443390921876267,Qoryooley,0.4647070601850455,0.0,49.0,302.0,6.0,52.0,61,1.0,31.0,16.0
2019-07-01,0.6480009367515506,Qansax Dheere,0.5490683229813664,0.0,9.0,32.0,4.0,6.0,59,3.0,4.0,4.0
2019-07-01,0.4205569846330418,Qandala,0.4662120199606611,0.0,2.0,20.0,0.0,0.0,58,0.0,0.0,1.0
2019-07-01,0.4637137550163429,Marka,0.4539589601919299,0.0,99.0,538.0,10.0,101.0,56,1.0,53.0,58.0
2019-07-01,0.2081401693223537,Sheikh,0.311807882954238,1.0,0.0,2.0,0.0,0.0,65,0.0,0.0,0.0
2019-07-01,0.4048338368195087,Garbahaarey,0.5554649634831142,0.0,8.0,111.0,5.0,16.0,39,0.0,5.0,1.0
2019-07-01,0.4778162642037701,Gaalkacyo,0.3602422105460542,0.0,5.0,109.0,3.0,3.0,37,4.0,2.0,4.0
2019-07-01,0.2138712946350238,Borama,0.2736328112610178,4.0,0.0,0.0,0.0,0.0,14,0.0,0.0,0.0
2019-07-01,0.2324431385911439,Berbera,0.2430326560610348,1.0,0.0,0.0,0.0,0.0,13,1.0,0.0,0.0
2019-07-01,0.4081442057063084,Belet Xaawo,0.5172155129757019,0.0,4.0,36.0,8.0,4.0,12,0.0,0.0,1.0
2019-07-01,0.4954915340016362,Belet Weyne,0.5868054618205713,0.0,28.0,365.0,13.0,40.0,11,3.0,27.0,13.0
2019-07-01,0.4454830625784129,Baraawe,0.4680395945111392,0.0,21.0,26.0,7.0,27.0,9,0.0,14.0,10.0
2019-07-01,0.4283242181220916,Bossaso,0.3081383281834315,0.0,62.0,301.0,11.0,53.0,15,7.0,0.0,2.0
2019-07-01,0.3899254108022901,Balcad,0.4207892941616012,0.0,48.0,153.0,8.0,38.0,6,0.0,33.0,35.0
2019-07-01,0.3489569935965541,Badhaadhe,0.4823586641167936,0.0,9.0,67.0,2.0,13.0,4,0.0,1.0,2.0
2019-07-01,0.2484368223141074,Baardheere,0.5213965829380455,0.0,15.0,114.0,1.0,21.0,3,0.0,11.0,3.0
2019-07-01,0.4492225378213771,Afgooye,0.462159131461528,0.0,146.0,570.0,28.0,127.0,1,4.0,83.0,72.0
2019-07-01,0.3126112111904077,Adan Yabaal,0.3406226826633605,0.0,0.0,15.0,3.0,1.0,0,0.0,1.0,1.0
2019-07-01,0.4646904136201208,Galdogob,0.3845598383707495,0.0,0.0,3.0,0.0,0.0,38,0.0,0.0,0.0
2019-07-01,0.4512394733904072,Banadir,0.4536122788198948,0.0,336.0,1376.0,175.0,178.0,7,82.0,274.0,234.0
2019-07-01,0.3994682200116711,Bu'aale,0.5163749201445982,0.0,2.0,119.0,1.0,11.0,16,0.0,3.0,0.0
2019-07-01,0.1798890136234226,Burco,0.2998339565222233,6.0,0.0,18.0,0.0,0.0,18,0.0,0.0,0.0
2019-07-01,0.4798138405125635,Bulo Burto,0.5898451672177014,0.0,19.0,285.0,5.0,24.0,17,0.0,17.0,7.0
2019-07-01,0.631234351243638,Diinsoor,0.5512844916157692,0.0,10.0,40.0,7.0,8.0,34,4.0,5.0,4.0
2019-07-01,0.4195523751616953,Dhuusamarreeb,0.350049306671516,0.0,2.0,37.0,4.0,2.0,33,0.0,3.0,0.0
2019-07-01,0.3959349225046938,Ceerigaabo,0.3969125115565767,3.0,1.0,81.0,1.0,1.0,32,0.0,0.0,1.0
2019-07-01,0.2898932988948713,Ceel Waaq,0.4894280635303719,0.0,5.0,42.0,2.0,23.0,31,0.0,6.0,2.0
2019-07-01,0.3728953651323323,Ceel Dheer,0.302048788800896,0.0,1.0,72.0,0.0,1.0,30,0.0,0.0,1.0
2019-07-01,0.4128893068350834,Ceel Buur,0.3777466079633201,0.0,0.0,21.0,2.0,1.0,29,0.0,0.0,0.0
2019-07-01,0.6338574120659726,Ceel Barde,0.5293849399339471,0.0,0.0,2.0,0.0,1.0,28,1.0,0.0,1.0
2019-07-01,0.4261285631981143,Doolow,0.5545845681860391,0.0,4.0,32.0,2.0,2.0,35,1.0,2.0,0.0
2019-07-01,0.4918983277534718,Caluula,0.4710581502935269,0.0,1.0,13.0,0.0,1.0,25,0.0,0.0,0.0
2019-07-01,0.3083621800244197,Cadale,0.3368835013608263,0.0,8.0,112.0,7.0,6.0,24,0.0,1.0,6.0
2019-07-01,0.4486568197838627,Cadaado,0.3520109308137275,0.0,1.0,38.0,0.0,2.0,23,0.0,2.0,0.0
2019-07-01,0.4257411293474653,Cabudwaaq,0.3728535271691253,0.0,1.0,19.0,0.0,0.0,22,1.0,1.0,0.0
2019-07-01,0.6211723936273237,Buur Hakaba,0.5490683229813665,0.0,19.0,244.0,5.0,19.0,21,4.0,10.0,7.0
2019-07-01,0.2280735519390103,Buuhoodle,0.3121385033565494,0.0,0.0,46.0,1.0,0.0,20,0.0,0.0,1.0
2019-07-01,0.4017099370835031,Ceel Afweyn,0.4022499807716035,1.0,0.0,50.0,0.0,0.0,27,0.0,0.0,3.0
2020-01-01,0.4244430093639005,Qansax Dheere,0.6480009367515506,0.0,9.0,48.0,5.0,6.0,59,3.0,4.0,4.0
2020-01-01,0.3608793180798564,Cabudwaaq,0.4257411293474653,0.0,1.0,21.0,1.0,0.0,22,1.0,1.0,0.0
2020-01-01,0.3380690991281885,Cadaado,0.4486568197838627,0.0,1.0,39.0,0.0,2.0,23,0.0,2.0,0.0
2020-01-01,0.3266989556530952,Ceel Buur,0.4128893068350834,0.0,1.0,23.0,2.0,1.0,29,0.0,0.0,1.0
2020-01-01,0.2858416181007885,Ceel Dheer,0.3728953651323323,0.0,1.0,72.0,1.0,1.0,30,0.0,0.0,1.0
2020-01-01,0.3225435261156694,Dhuusamarreeb,0.4195523751616953,0.0,2.0,48.0,4.0,3.0,33,0.0,8.0,4.0
2020-01-01,0.2304840065259306,Baardheere,0.2484368223141074,0.0,20.0,150.0,1.0,25.0,3,1.0,14.0,6.0
2020-01-01,0.3596606279203213,Garbahaarey,0.4048338368195087,0.0,11.0,120.0,6.0,18.0,39,0.0,7.0,2.0
2020-01-01,0.2331280633404549,Ceel Waaq,0.2898932988948713,0.0,6.0,44.0,2.0,23.0,31,0.0,6.0,3.0
2020-01-01,0.3757435851904466,Doolow,0.4261285631981143,0.0,5.0,32.0,2.0,3.0,35,1.0,2.0,0.0
2020-01-01,0.3060848186846958,Luuq,0.3829595838278671,0.0,7.0,32.0,6.0,5.0,55,0.0,3.0,3.0
2020-01-01,0.4625835669613974,Belet Weyne,0.4954915340016362,0.0,32.0,411.0,17.0,44.0,11,4.0,33.0,17.0
2020-01-01,0.4556007922535211,Bulo Burto,0.4798138405125635,0.0,28.0,336.0,5.0,26.0,17,0.0,19.0,13.0
2020-01-01,0.4420162648228424,Diinsoor,0.631234351243638,0.0,14.0,61.0,9.0,9.0,34,4.0,7.0,8.0
2020-01-01,0.4544457188450606,Jalalaqsi,0.4735042553650304,0.0,15.0,107.0,7.0,21.0,45,2.0,13.0,4.0
2020-01-01,0.3524982406755805,Belet Xaawo,0.4081442057063084,0.0,5.0,39.0,9.0,4.0,12,0.0,0.0,1.0
2020-01-01,0.4157290382244143,Buur Hakaba,0.6211723936273237,0.0,21.0,254.0,8.0,20.0,21,4.0,11.0,9.0
2020-01-01,0.4367229608336327,Waajid,0.5312342103332384,0.0,7.0,26.0,5.0,8.0,68,1.0,4.0,2.0
2020-01-01,0.3997979640997746,Qardho,0.3964549089065016,0.0,0.0,8.0,0.0,0.0,60,0.0,0.0,0.0
2020-01-01,0.2082093691694821,Baki,0.2441924314943121,0.0,1.0,0.0,0.0,0.0,5,0.0,0.0,1.0
2020-01-01,0.1412881669919613,Borama,0.2138712946350238,4.0,0.0,0.0,0.0,0.0,14,0.0,0.0,0.0
2020-01-01,0.2421965609399425,Lughaye,0.3084001655970627,0.0,0.0,10.0,0.0,0.0,54,0.0,1.0,0.0
2020-01-01,0.4899163797343827,Ceel Barde,0.6338574120659726,0.0,0.0,14.0,1.0,1.0,28,1.0,0.0,1.0
2020-01-01,0.4204941640139457,Rab Dhuure,0.4879275725437716,0.0,1.0,10.0,0.0,2.0,62,0.0,1.0,0.0
2020-01-01,0.4117135401565671,Tayeeglow,0.5185117637649114,0.0,4.0,3.0,7.0,4.0,67,0.0,3.0,1.0
2020-01-01,0.4469897765997728,Xudur,0.549549493748511,0.0,25.0,71.0,14.0,24.0,72,1.0,17.0,12.0
2020-01-01,0.464595584853251,Banadir,0.4512394733904072,0.0,423.0,1713.0,208.0,181.0,7,100.0,299.0,342.0
2020-01-01,0.3404326123128119,Bandarbeyla,0.3243528970286548,0.0,0.0,6.0,0.0,0.0,8,0.0,0.0,0.0
2020-01-01,0.4153248254892724,Bossaso,0.4283242181220916,0.0,69.0,343.0,16.0,58.0,15,9.0,2.0,7.0
2020-01-01,0.4729064039408867,Caluula,0.4918983277534718,0.0,1.0,14.0,0.0,1.0,25,0.0,0.0,0.0
2020-01-01,0.3742070183891431,Iskushuban,0.3383899894950222,0.0,13.0,15.0,3.0,8.0,44,0.0,0.0,3.0
2020-01-01,0.2639538679142639,Badhaadhe,0.3489569935965541,0.0,13.0,97.0,4.0,15.0,4,1.0,1.0,4.0
2020-01-01,0.4505242752665433,Baraawe,0.4454830625784129,0.0,32.0,53.0,8.0,28.0,9,0.0,15.0,20.0
2020-01-01,0.3619308628245356,Kismaayo,0.3769676308818636,0.0,86.0,543.0,16.0,79.0,50,3.0,27.0,30.0
2020-01-01,0.345604315497886,Eyl,0.3279739567099389,0.0,0.0,1.0,1.0,0.0,36,0.0,0.0,0.0
2020-01-01,0.3761939925204259,Garoowe,0.2932033874905685,0.0,1.0,32.0,0.0,1.0,40,3.0,4.0,1.0
2020-01-01,0.2885139291677652,Ceel Afweyn,0.4017099370835031,1.0,0.0,76.0,0.0,0.0,27,1.0,1.0,3.0
2020-01-01,0.2514301767289815,Ceerigaabo,0.3959349225046938,3.0,2.0,118.0,1.0,2.0,32,0.0,3.0,2.0
2020-01-01,0.1814135894950207,Laas Caanood,0.3761680108430838,7.0,1.0,89.0,0.0,0.0,52,0.0,3.0,3.0
2020-01-01,0.1350544166033915,Buuhoodle,0.2280735519390103,0.0,0.0,58.0,1.0,0.0,20,0.0,0.0,2.0
2020-01-01,0.132173714024146,Owdweyne,0.2163547982087805,0.0,0.0,22.0,0.0,3.0,57,0.0,0.0,1.0
2020-01-01,0.1455487847587028,Sheikh,0.2081401693223537,1.0,0.0,2.0,0.0,0.0,65,0.0,0.0,0.0
2020-01-01,0.1808939137198255,Berbera,0.2324431385911439,1.0,0.0,0.0,0.0,0.0,13,1.0,0.0,0.0
2020-01-01,0.1675903119868637,Gebiley,0.2667717736348647,0.0,0.0,2.0,0.0,0.0,41,0.0,0.0,0.0
2020-01-01,0.3833278902677988,Jamaame,0.4403832811966767,0.0,30.0,235.0,1.0,53.0,46,0.0,16.0,1.0
2020-01-01,0.1277865307901176,Hargeysa,0.2029943156263941,3.0,0.0,9.0,0.0,0.0,42,7.0,0.0,0.0
2020-01-01,0.0911891620672353,Burco,0.1798890136234226,6.0,0.0,18.0,0.0,0.0,18,0.0,0.0,0.0
2020-01-01,0.3925848407833757,Xarardheere,0.3962781291497199,0.0,1.0,72.0,5.0,2.0,70,0.0,0.0,2.0
2020-01-01,0.1939232409381663,Caynabo,0.3650665187072713,0.0,0.0,1.0,0.0,0.0,26,0.0,0.0,0.0
2020-01-01,0.306084466714388,Hobyo,0.3706782212839118,0.0,5.0,124.0,1.0,11.0,43,0.0,0.0,0.0
2020-01-01,0.3512605042016806,Jariiban,0.4090915108402051,0.0,0.0,61.0,0.0,0.0,47,0.0,0.0,0.0
2020-01-01,0.4855604762788724,Kurtunwaarey,0.4452618351340643,0.0,4.0,19.0,2.0,6.0,51,0.0,4.0,0.0
2020-01-01,0.4905037846230626,Marka,0.4637137550163429,0.0,144.0,668.0,11.0,110.0,56,1.0,61.0,101.0
2020-01-01,0.4801347611599085,Qoryooley,0.4443390921876267,0.0,68.0,365.0,10.0,53.0,61,1.0,31.0,35.0
2020-01-01,0.4933201385452746,Sablaale,0.4587764880148566,0.0,1.0,22.0,0.0,5.0,64,0.0,1.0,0.0
2020-01-01,0.4118061786950391,Bu'aale,0.3994682200116711,0.0,2.0,124.0,1.0,19.0,16,0.0,3.0,0.0
2020-01-01,0.3881953090823434,Jilib,0.3909294797509632,0.0,5.0,346.0,6.0,49.0,48,0.0,2.0,2.0
2020-01-01,0.4289798374962383,Wanla Weyn,0.4147038987749591,0.0,21.0,249.0,7.0,20.0,69,1.0,9.0,19.0
2020-01-01,0.2890189520624303,Adan Yabaal,0.3126112111904077,0.0,2.0,41.0,10.0,7.0,0,0.0,3.0,1.0
2020-01-01,0.4582353863030873,Afgooye,0.4492225378213771,0.0,218.0,906.0,40.0,139.0,1,5.0,98.0,143.0
2020-01-01,0.3992414113024258,Balcad,0.3899254108022901,0.0,70.0,336.0,23.0,42.0,6,0.0,42.0,62.0
2020-01-01,0.2905168905168905,Cadale,0.3083621800244197,0.0,12.0,165.0,11.0,12.0,24,0.0,2.0,10.0
2020-01-01,0.4604083984124952,Jowhar,0.4462076309782391,0.0,40.0,259.0,41.0,33.0,49,2.0,37.0,36.0
2020-01-01,0.4371415325518246,Gaalkacyo,0.4778162642037701,0.0,10.0,137.0,3.0,4.0,37,5.0,3.0,5.0
2020-07-01,0.2388133498145859,Baardheere,0.2304840065259306,0.0,15.0,68.0,1.0,11.0,3,1.0,8.0,8.0
2020-07-01,0.3458185340652244,Cadaado,0.3380690991281885,0.0,2.0,7.0,0.0,3.0,23,0.0,2.0,0.0
2020-07-01,0.3598183881952327,Ceel Buur,0.3266989556530952,0.0,2.0,8.0,5.0,1.0,29,0.0,1.0,1.0
2020-07-01,0.2814535481659239,Ceel Dheer,0.2858416181007885,0.0,1.0,10.0,2.0,0.0,30,0.0,0.0,1.0
2020-07-01,0.3271635817908954,Dhuusamarreeb,0.3225435261156694,0.0,2.0,50.0,3.0,2.0,33,2.0,14.0,9.0
2020-07-01,0.3835327234342012,Belet Xaawo,0.3524982406755805,0.0,4.0,12.0,4.0,0.0,12,0.0,5.0,6.0
2020-07-01,0.3641207815275311,Doolow,0.3757435851904466,0.0,2.0,1.0,2.0,1.0,35,1.0,3.0,1.0
2020-07-01,0.3637295081967213,Garbahaarey,0.3596606279203213,0.0,7.0,22.0,3.0,5.0,39,0.0,2.0,5.0
2020-07-01,0.3583282114320836,Luuq,0.3060848186846958,0.0,1.0,7.0,4.0,0.0,55,0.0,0.0,1.0
2020-07-01,0.2474660340737546,Belet Weyne,0.4625835669613974,0.0,23.0,279.0,13.0,16.0,11,4.0,18.0,24.0
2020-07-01,0.1980742778541953,Bulo Burto,0.4556007922535211,0.0,14.0,145.0,14.0,10.0,17,1.0,6.0,9.0
2020-07-01,0.1947145350286711,Jalalaqsi,0.4544457188450606,0.0,2.0,73.0,7.0,5.0,45,0.0,2.0,1.0
2020-07-01,0.5084745762711864,Qansax Dheere,0.4244430093639005,0.0,5.0,30.0,1.0,0.0,59,0.0,1.0,4.0
2020-07-01,0.2664990571967316,Ceel Waaq,0.2331280633404549,0.0,3.0,26.0,0.0,7.0,31,0.0,1.0,3.0
2020-07-01,0.492387605230163,Diinsoor,0.4420162648228424,0.0,14.0,73.0,13.0,8.0,34,1.0,10.0,11.0
2020-07-01,0.2774755168661588,Badhaadhe,0.2639538679142639,0.0,10.0,79.0,6.0,4.0,4,1.0,0.0,3.0
2020-07-01,0.1912113359430997,Borama,0.1412881669919613,1.0,0.0,1.0,0.0,0.0,14,0.0,0.0,0.0
2020-07-01,0.58780127889818,Ceel Barde,0.4899163797343827,0.0,0.0,12.0,1.0,0.0,28,0.0,0.0,0.0
2020-07-01,0.5072024260803639,Rab Dhuure,0.4204941640139457,0.0,1.0,11.0,0.0,1.0,62,0.0,1.0,0.0
2020-07-01,0.4702754954084098,Tayeeglow,0.4117135401565671,0.0,2.0,6.0,8.0,4.0,67,0.0,2.0,0.0
2020-07-01,0.4955684007707129,Buur Hakaba,0.4157290382244143,0.0,19.0,167.0,10.0,18.0,21,2.0,10.0,10.0
2020-07-01,0.4933524973050665,Waajid,0.4367229608336327,0.0,3.0,8.0,1.0,3.0,68,0.0,2.0,1.0
2020-07-01,0.4319770246468998,Banadir,0.464595584853251,0.0,280.0,939.0,135.0,23.0,7,68.0,108.0,326.0
2020-07-01,0.3622932391199615,Bossaso,0.4153248254892724,0.0,29.0,100.0,13.0,11.0,15,5.0,2.0,8.0
2020-07-01,0.2954636692091529,Iskushuban,0.3742070183891431,0.0,13.0,18.0,3.0,3.0,44,0.0,0.0,5.0
2020-07-01,0.3539238539238539,Qardho,0.3997979640997746,0.0,0.0,2.0,0.0,0.0,60,0.0,0.0,0.0
2020-07-01,0.5317134742821079,Xudur,0.4469897765997728,0.0,11.0,39.0,10.0,11.0,72,1.0,4.0,12.0
2020-07-01,0.3061224489795918,Jamaame,0.3833278902677988,0.0,12.0,96.0,3.0,25.0,46,0.0,7.0,0.0
2020-07-01,0.3746074472857784,Cabudwaaq,0.3608793180798564,0.0,0.0,7.0,2.0,0.0,22,0.0,0.0,0.0
2020-07-01,0.4841321666449001,Afgooye,0.4582353863030873,0.0,200.0,693.0,32.0,37.0,1,4.0,34.0,188.0
2020-07-01,0.3128870890900428,Garoowe,0.3761939925204259,0.0,0.0,27.0,2.0,0.0,40,2.0,3.0,1.0
2020-07-01,0.3018453427065026,Ceel Afweyn,0.2885139291677652,0.0,0.0,32.0,0.0,0.0,27,1.0,1.0,1.0
2020-07-01,0.263567871280807,Ceerigaabo,0.2514301767289815,1.0,1.0,52.0,1.0,1.0,32,0.0,3.0,2.0
2020-07-01,0.2574626865671642,Caynabo,0.1939232409381663,0.0,0.0,1.0,0.0,0.0,26,0.0,0.0,0.0
2020-07-01,0.140943301555444,Burco,0.0911891620672353,2.0,0.0,18.0,0.0,0.0,18,0.0,0.0,0.0
2020-07-01,0.1898253606681852,Buuhoodle,0.1350544166033915,0.0,0.0,16.0,0.0,0.0,20,0.0,0.0,1.0
2020-07-01,0.2058333333333333,Berbera,0.1808939137198255,0.0,0.0,0.0,0.0,0.0,13,0.0,0.0,0.0
2020-07-01,0.1924063622370446,Gebiley,0.1675903119868637,0.0,0.0,1.0,0.0,0.0,41,0.0,0.0,0.0
2020-07-01,0.1965854943370926,Hargeysa,0.1277865307901176,0.0,0.0,12.0,0.0,0.0,42,7.0,0.0,0.0
2020-07-01,0.3781725888324873,Burtinle,0.415721780335082,0.0,0.0,1.0,0.0,0.0,19,0.0,0.0,0.0
2020-07-01,0.2414050822122571,Xarardheere,0.3925848407833757,0.0,0.0,3.0,1.0,0.0,70,0.0,0.0,1.0
2020-07-01,0.2306675479180436,Laas Caanood,0.1814135894950207,1.0,1.0,9.0,0.0,0.0,52,0.0,2.0,3.0
2020-07-01,0.2841803865425912,Hobyo,0.306084466714388,0.0,1.0,28.0,0.0,0.0,43,0.0,0.0,1.0
2020-07-01,0.4911894273127753,Baraawe,0.4505242752665433,0.0,23.0,49.0,1.0,6.0,9,0.0,3.0,21.0
2020-07-01,0.4615277970331346,Marka,0.4905037846230626,0.0,133.0,502.0,4.0,41.0,56,1.0,20.0,124.0
2020-07-01,0.4593911683311274,Qoryooley,0.4801347611599085,0.0,52.0,224.0,7.0,7.0,61,0.0,1.0,50.0
2020-07-01,0.4548825710754017,Sablaale,0.4933201385452746,0.0,1.0,26.0,1.0,4.0,64,0.0,1.0,0.0
2020-07-01,0.4714070729872084,Wanla Weyn,0.4289798374962383,0.0,19.0,190.0,5.0,12.0,69,1.0,6.0,14.0
2020-07-01,0.3788461538461538,Bu'aale,0.4118061786950391,0.0,2.0,106.0,2.0,20.0,16,0.0,1.0,0.0
2020-07-01,0.3705150271415331,Kismaayo,0.3619308628245356,0.0,64.0,353.0,11.0,35.0,50,2.0,17.0,24.0
2020-07-01,0.2773519163763066,Adan Yabaal,0.2890189520624303,0.0,2.0,49.0,13.0,8.0,0,0.0,3.0,1.0
2020-07-01,0.4233865465957157,Balcad,0.3992414113024258,0.0,56.0,292.0,23.0,10.0,6,0.0,20.0,61.0
2020-07-01,0.2759462759462759,Cadale,0.2905168905168905,0.0,12.0,147.0,13.0,9.0,24,1.0,4.0,13.0
2020-07-01,0.4605536885901744,Jowhar,0.4604083984124952,0.0,34.0,180.0,45.0,11.0,49,4.0,15.0,36.0
2020-07-01,0.3833366448109146,Gaalkacyo,0.4371415325518246,0.0,7.0,125.0,4.0,2.0,37,1.0,6.0,5.0
2020-07-01,0.4519462624870823,Galdogob,0.4141636814549462,0.0,0.0,2.0,0.0,0.0,38,0.0,0.0,0.0
2020-07-01,0.3124158815612382,Jilib,0.3881953090823434,0.0,2.0,221.0,1.0,48.0,48,0.0,1.0,1.0
2021-01-01,0.4282333104445733,Bossaso,0.3622932391199615,0.0,31.0,92.0,10.0,7.0,15,3.0,2.0,8.0
2021-01-01,0.3438764024096086,Caluula,0.3592467407049734,0.0,1.0,11.0,0.0,1.0,25,0.0,0.0,0.0
2021-01-01,0.3565675219048366,Iskushuban,0.2954636692091529,0.0,13.0,29.0,2.0,1.0,44,0.0,0.0,4.0
2021-01-01,0.3321710405579005,Qandala,0.3550690147548786,0.0,1.0,20.0,0.0,0.0,58,0.0,0.0,0.0
2021-01-01,0.422637962358916,Qardho,0.3539238539238539,0.0,0.0,2.0,0.0,0.0,60,0.0,0.0,0.0
2021-01-01,0.405234927348139,Burtinle,0.3781725888324873,0.0,0.0,2.0,0.0,0.0,19,0.0,0.0,0.0
2021-01-01,0.2851447172525171,Hobyo,0.2841803865425912,0.0,3.0,39.0,0.0,1.0,43,0.0,0.0,2.0
2021-01-01,0.3799963816705769,Gaalkacyo,0.3833366448109146,0.0,9.0,139.0,4.0,2.0,37,2.0,5.0,6.0
2021-01-01,0.4573444515715202,Galdogob,0.4519462624870823,0.0,0.0,16.0,0.0,0.0,38,0.0,0.0,0.0
2021-01-01,0.268406014603596,Xarardheere,0.2414050822122571,0.0,1.0,3.0,0.0,0.0,70,0.0,0.0,2.0
2021-01-01,0.4074148385946138,Cabudwaaq,0.3746074472857784,0.0,0.0,23.0,2.0,0.0,22,0.0,1.0,1.0
2021-01-01,0.3999756800889413,Cadaado,0.3458185340652244,0.0,3.0,9.0,0.0,2.0,23,0.0,3.0,1.0
2021-01-01,0.3763941017333375,Garoowe,0.3128870890900428,0.0,0.0,19.0,2.0,0.0,40,2.0,1.0,1.0
2021-01-01,0.3584365855515789,Ceel Buur,0.3598183881952327,0.0,3.0,9.0,5.0,2.0,29,0.0,2.0,1.0
2021-01-01,0.3101592806449881,Baki,0.2276853252647503,0.0,1.0,0.0,0.0,0.0,5,0.0,0.0,1.0
2021-01-01,0.2599961858750237,Ceel Afweyn,0.3018453427065026,0.0,0.0,33.0,0.0,0.0,27,1.0,1.0,0.0
2021-01-01,0.3369272237196765,Ceel Dheer,0.2814535481659239,0.0,1.0,0.0,2.0,1.0,30,0.0,2.0,0.0
2021-01-01,0.2772673624137732,Borama,0.1912113359430997,2.0,0.0,1.0,0.0,0.0,14,0.0,0.0,0.0
2021-01-01,0.2759629145666106,Berbera,0.2058333333333333,0.0,0.0,4.0,0.0,0.0,13,0.0,0.0,0.0
2021-01-01,0.2876174019676151,Gebiley,0.1924063622370446,0.0,0.0,1.0,0.0,0.0,41,0.0,0.0,0.0
2021-01-01,0.2676350893059009,Hargeysa,0.1965854943370926,1.0,0.0,10.0,0.0,0.0,42,3.0,0.0,0.0
2021-01-01,0.1371732766471581,Burco,0.140943301555444,1.0,0.0,4.0,0.0,0.0,18,0.0,0.0,0.0
2021-01-01,0.2063106796116504,Buuhoodle,0.1898253606681852,0.0,0.0,35.0,0.0,0.0,20,0.0,0.0,1.0
2021-01-01,0.2174981567952813,Caynabo,0.2574626865671642,1.0,0.0,1.0,0.0,0.0,26,0.0,0.0,0.0
2021-01-01,0.2109874570977254,Laas Caanood,0.2306675479180436,3.0,1.0,15.0,0.0,0.0,52,0.0,2.0,2.0
2021-01-01,0.2245768359322937,Ceerigaabo,0.263567871280807,0.0,1.0,50.0,0.0,1.0,32,0.0,3.0,1.0
2021-01-01,0.3560481018674942,Dhuusamarreeb,0.3271635817908954,0.0,12.0,78.0,2.0,10.0,33,3.0,22.0,13.0
2021-01-01,0.3462197497828791,Bulo Burto,0.1980742778541953,0.0,28.0,113.0,14.0,13.0,17,1.0,9.0,18.0
2021-01-01,0.4472915724098218,Xudur,0.5317134742821079,0.0,19.0,33.0,13.0,7.0,72,0.0,4.0,19.0
2021-01-01,0.3868994061543999,Baardheere,0.2388133498145859,0.0,13.0,53.0,3.0,8.0,3,1.0,4.0,11.0
2021-01-01,0.3349866620681312,Belet Xaawo,0.3835327234342012,0.0,6.0,25.0,2.0,2.0,12,1.0,10.0,9.0
2021-01-01,0.3544682405589296,Ceel Waaq,0.2664990571967316,0.0,4.0,20.0,0.0,1.0,31,0.0,0.0,2.0
2021-01-01,0.3515556336790297,Doolow,0.3641207815275311,0.0,2.0,2.0,3.0,2.0,35,0.0,5.0,2.0
2021-01-01,0.3071993772609909,Belet Weyne,0.2474660340737546,0.0,30.0,142.0,16.0,12.0,11,3.0,22.0,24.0
2021-01-01,0.3731717928980219,Luuq,0.3583282114320836,0.0,2.0,10.0,3.0,0.0,55,0.0,0.0,2.0
2021-01-01,0.4008547346761109,Bu'aale,0.3788461538461538,0.0,2.0,24.0,2.0,16.0,16,0.0,0.0,0.0
2021-01-01,0.4043924756806527,Jilib,0.3124158815612382,0.0,3.0,152.0,2.0,40.0,48,0.0,3.0,0.0
2021-01-01,0.4710969130686256,Banadir,0.4319770246468998,0.0,295.0,774.0,102.0,16.0,7,48.0,104.0,290.0
2021-01-01,0.4056724072698737,Badhaadhe,0.2774755168661588,0.0,12.0,60.0,6.0,5.0,4,1.0,0.0,2.0
2021-01-01,0.4376510659496103,Jamaame,0.3061224489795918,0.0,16.0,92.0,3.0,23.0,46,0.0,5.0,0.0
2021-01-01,0.3934804082976622,Kismaayo,0.3705150271415331,0.0,93.0,366.0,10.0,39.0,50,0.0,15.0,19.0
2021-01-01,0.4498858793883663,Waajid,0.4933524973050665,0.0,9.0,14.0,5.0,3.0,68,0.0,3.0,1.0
2021-01-01,0.4212055712220329,Tayeeglow,0.4702754954084098,0.0,1.0,8.0,7.0,2.0,67,0.0,1.0,0.0
2021-01-01,0.3273081001778068,Garbahaarey,0.3637295081967213,0.0,13.0,28.0,6.0,5.0,39,0.0,3.0,11.0
2021-01-01,0.593619466793754,Ceel Barde,0.58780127889818,0.0,3.0,37.0,2.0,1.0,28,0.0,1.0,2.0
2021-01-01,0.4587641132763954,Rab Dhuure,0.5072024260803639,0.0,1.0,12.0,1.0,1.0,62,0.0,1.0,0.0
2021-01-01,0.2867946480511925,Adan Yabaal,0.2773519163763066,0.0,2.0,34.0,13.0,7.0,0,0.0,3.0,0.0
2021-01-01,0.4248102325025402,Balcad,0.4233865465957157,0.0,51.0,289.0,26.0,11.0,6,0.0,14.0,49.0
2021-01-01,0.2873604609290601,Cadale,0.2759462759462759,0.0,10.0,80.0,11.0,9.0,24,1.0,5.0,10.0
2021-01-01,0.4476632959825088,Jowhar,0.4605536885901744,0.0,29.0,171.0,42.0,11.0,49,4.0,16.0,24.0
2021-01-01,0.4637639420358601,Afgooye,0.4841321666449001,0.0,272.0,762.0,26.0,37.0,1,2.0,36.0,245.0
2021-01-01,0.4655421778369564,Baraawe,0.4911894273127753,0.0,34.0,50.0,1.0,7.0,9,0.0,2.0,33.0
2021-01-01,0.4575951234622532,Kurtunwaarey,0.4643330681516839,0.0,3.0,6.0,2.0,3.0,51,0.0,0.0,1.0
2021-01-01,0.4080728253042081,Jalalaqsi,0.1947145350286711,0.0,4.0,58.0,10.0,4.0,45,0.0,2.0,3.0
2021-01-01,0.4512228697099891,Qoryooley,0.4593911683311274,0.0,63.0,163.0,7.0,13.0,61,0.0,5.0,51.0
2021-01-01,0.4486895846702985,Sablaale,0.4548825710754017,0.0,3.0,42.0,1.0,6.0,64,0.0,2.0,0.0
2021-01-01,0.4482908617511664,Wanla Weyn,0.4714070729872084,0.0,14.0,170.0,6.0,6.0,69,0.0,4.0,12.0
2021-01-01,0.4253398378500371,Buur Hakaba,0.4955684007707129,0.0,14.0,53.0,8.0,14.0,21,1.0,12.0,7.0
2021-01-01,0.419636541705207,Diinsoor,0.492387605230163,0.0,23.0,78.0,10.0,12.0,34,1.0,13.0,13.0
2021-01-01,0.4305075046172255,Qansax Dheere,0.5084745762711864,0.0,8.0,22.0,3.0,1.0,59,0.0,1.0,3.0
2021-01-01,0.4460078540314803,Marka,0.4615277970331346,0.0,163.0,352.0,2.0,33.0,56,0.0,18.0,145.0
