date,next_prevalence,district,district_encoded,sub_event_type_Violent demonstration,sub_event_type_Suicide bomb,sub_event_type_Shelling/artillery/missile attack,sub_event_type_Sexual violence,sub_event_type_Remote explosive/landmine/IED,sub_event_type_Protest with intervention,sub_event_type_Peaceful protest,sub_event_type_Other,sub_event_type_Non-violent transfer of territory
2017-07-01,0.1689999999999999,Zeylac,73,0.0,0.0,0.0,0.0,0.0,0.0,2.0,0.0,0.0
2017-07-01,0.2027999999999999,Buuhoodle,20,0.0,0.0,0.0,0.0,0.0,0.0,4.0,0.0,1.0
2017-07-01,0.2886,Buur Hakaba,21,0.0,0.0,4.0,0.0,14.0,0.0,0.0,0.0,0.0
2017-07-01,0.351,Cadale,24,0.0,0.0,0.0,0.0,2.0,0.0,1.0,0.0,1.0
2017-07-01,0.3432,Caluula,25,0.0,0.0,0.0,0.0,0.0,0.0,0.0,0.0,0.0
2017-07-01,0.2911999999999999,Caynabo,26,0.0,0.0,0.0,0.0,0.0,0.0,0.0,0.0,0.0
2017-07-01,0.3367,Ceel Afweyn,27,0.0,0.0,0.0,0.0,0.0,0.0,0.0,0.0,0.0
2017-07-01,0.4211999999999999,Ceel Dheer,30,0.0,0.0,0.0,0.0,0.0,0.0,0.0,0.0,1.0
2017-07-01,0.3925999999999998,Ceel Waaq,31,0.0,0.0,0.0,0.0,5.0,0.0,0.0,1.0,2.0
2017-07-01,0.4212,Ceel Buur,29,0.0,0.0,0.0,0.0,1.0,0.0,0.0,0.0,2.0
2017-07-01,0.3367000000000001,Ceerigaabo,32,0.0,0.0,0.0,0.0,0.0,0.0,6.0,0.0,0.0
2017-07-01,0.4212,Dhuusamarreeb,33,0.0,0.0,0.0,0.0,0.0,0.0,1.0,0.0,1.0
2017-07-01,0.2886000000000001,Diinsoor,34,0.0,0.0,1.0,0.0,1.0,0.0,0.0,0.0,0.0
2017-07-01,0.3926,Bulo Burto,17,1.0,0.0,3.0,0.0,1.0,0.0,1.0,0.0,5.0
2017-07-01,0.3926,Doolow,35,0.0,0.0,0.0,0.0,2.0,0.0,0.0,1.0,0.0
2017-07-01,0.3925999999999999,Bu'aale,16,0.0,0.0,0.0,0.0,0.0,0.0,0.0,0.0,0.0
2017-07-01,0.1690000000000001,Borama,14,3.0,0.0,0.0,0.0,0.0,1.0,8.0,0.0,0.0
2017-07-01,0.351,Afgooye,1,1.0,1.0,7.0,0.0,35.0,0.0,0.0,0.0,4.0
2017-07-01,0.3925999999999999,Afmadow,2,0.0,0.0,1.0,0.0,5.0,0.0,0.0,0.0,6.0
2017-07-01,0.3925999999999999,Baardheere,3,0.0,0.0,0.0,0.0,8.0,0.0,0.0,0.0,0.0
2017-07-01,0.3926,Badhaadhe,4,0.0,0.0,0.0,0.0,1.0,0.0,0.0,0.0,0.0
2017-07-01,0.351,Balcad,6,0.0,0.0,0.0,0.0,3.0,0.0,0.0,3.0,0.0
2017-07-01,0.3510000000000001,Baraawe,9,0.0,0.0,5.0,0.0,1.0,0.0,0.0,0.0,0.0
2017-07-01,0.3926,Belet Weyne,11,2.0,0.0,4.0,0.0,8.0,1.0,5.0,0.0,4.0
2017-07-01,0.1976,Berbera,13,8.0,0.0,0.0,0.0,0.0,0.0,3.0,0.0,0.0
2017-07-01,0.3432,Bossaso,15,4.0,1.0,3.0,0.0,10.0,1.0,2.0,0.0,0.0
2017-07-01,0.3795999999999999,Eyl,36,0.0,0.0,0.0,0.0,0.0,0.0,0.0,0.0,0.0
2017-07-01,0.4862,Xudur,72,0.0,0.0,2.0,0.0,4.0,0.0,0.0,0.0,1.0
2017-07-01,0.2028,Owdweyne,57,0.0,0.0,0.0,0.0,0.0,0.0,1.0,0.0,0.0
2017-07-01,0.3431999999999999,Qandala,58,0.0,0.0,3.0,0.0,1.0,0.0,2.0,1.0,2.0
2017-07-01,0.2886,Qansax Dheere,59,0.0,0.0,0.0,0.0,2.0,0.0,0.0,0.0,0.0
2017-07-01,0.3432,Qardho,60,0.0,0.0,0.0,0.0,0.0,0.0,0.0,0.0,0.0
2017-07-01,0.351,Qoryooley,61,0.0,0.0,8.0,0.0,2.0,0.0,0.0,0.0,2.0
2017-07-01,0.4861999999999999,Rab Dhuure,62,0.0,0.0,0.0,0.0,1.0,0.0,0.0,0.0,4.0
2017-07-01,0.4861999999999999,Tayeeglow,67,0.0,0.0,0.0,0.0,0.0,0.0,0.0,0.0,1.0
2017-07-01,0.4861999999999999,Waajid,68,0.0,0.0,4.0,0.0,1.0,0.0,0.0,0.0,1.0
2017-07-01,0.351,Wanla Weyn,69,0.0,0.0,5.0,0.0,6.0,0.0,0.0,0.0,1.0
2017-07-01,0.4004000000000001,Xarardheere,70,0.0,0.0,0.0,0.0,0.0,0.0,0.0,0.0,1.0
2017-07-01,0.4004,Gaalkacyo,37,3.0,0.0,0.0,0.0,2.0,0.0,6.0,1.0,0.0
2017-07-01,0.351,Marka,56,0.0,0.0,12.0,0.0,22.0,0.0,1.0,0.0,4.0
2017-07-01,0.3925999999999999,Saakow,63,0.0,0.0,0.0,0.0,0.0,0.0,0.0,0.0,0.0
2017-07-01,0.3926,Luuq,55,0.0,0.0,0.0,0.0,3.0,0.0,0.0,0.0,0.0
2017-07-01,0.3795999999999999,Garoowe,40,5.0,0.0,1.0,0.0,0.0,1.0,4.0,1.0,0.0
2017-07-01,0.1975999999999999,Gebiley,41,3.0,0.0,0.0,0.0,0.0,0.0,3.0,0.0,0.0
2017-07-01,0.1975999999999999,Hargeysa,42,9.0,0.0,0.0,0.0,0.0,3.0,4.0,1.0,0.0
2017-07-01,0.4003999999999999,Hobyo,43,0.0,0.0,0.0,0.0,0.0,0.0,0.0,0.0,0.0
2017-07-01,0.3432,Iskushuban,44,0.0,0.0,1.0,0.0,1.0,0.0,0.0,1.0,0.0
2017-07-01,0.3925999999999999,Jalalaqsi,45,0.0,1.0,2.0,0.0,2.0,0.0,3.0,0.0,0.0
2017-07-01,0.3926,Jamaame,46,0.0,0.0,0.0,0.0,1.0,0.0,0.0,0.0,0.0
2017-07-01,0.3925999999999999,Garbahaarey,39,0.0,0.0,0.0,0.0,1.0,0.0,0.0,0.0,0.0
2017-07-01,0.3925999999999999,Jilib,48,0.0,0.0,0.0,0.0,1.0,0.0,0.0,0.0,1.0
2017-07-01,0.351,Jowhar,49,0.0,0.0,9.0,0.0,30.0,1.0,3.0,0.0,5.0
2017-07-01,0.3925999999999999,Kismaayo,50,0.0,3.0,1.0,1.0,17.0,0.0,0.0,0.0,7.0
2017-07-01,0.3510000000000001,Kurtunwaarey,51,0.0,0.0,0.0,0.0,3.0,0.0,0.0,0.0,0.0
2017-07-01,0.2911999999999999,Laas Caanood,52,4.0,0.0,2.0,0.0,0.0,2.0,4.0,0.0,0.0
2017-07-01,0.3367,Laasqoray,53,0.0,0.0,0.0,0.0,1.0,0.0,1.0,0.0,0.0
2018-01-01,0.2211366753028379,Burco,18,6.0,0.0,0.0,0.0,0.0,0.0,6.0,0.0,0.0
2018-01-01,0.4927859267135329,Burtinle,19,0.0,0.0,0.0,0.0,0.0,0.0,0.0,0.0,0.0
2018-01-01,0.226129551832888,Buuhoodle,20,0.0,0.0,0.0,0.0,0.0,0.0,8.0,0.0,1.0
2018-01-01,0.4846909879180319,Buur Hakaba,21,0.0,0.0,3.0,0.0,8.0,0.0,0.0,0.0,2.0
2018-01-01,0.2829201738380863,Cadale,24,0.0,0.0,0.0,0.0,2.0,0.0,1.0,0.0,0.0
2018-01-01,0.4507637375759017,Caluula,25,0.0,0.0,0.0,0.0,0.0,0.0,0.0,0.0,0.0
2018-01-01,0.2428031590674251,Caynabo,26,2.0,0.0,0.0,0.0,0.0,0.0,2.0,0.0,0.0
2018-01-01,0.2906972787612182,Ceel Afweyn,27,0.0,0.0,0.0,0.0,0.0,1.0,0.0,0.0,0.0
2018-01-01,0.3602624374798162,Ceel Buur,29,0.0,0.0,0.0,0.0,1.0,0.0,0.0,0.0,1.0
2018-01-01,0.3142399717243435,Ceel Dheer,30,0.0,0.0,0.0,0.0,0.0,0.0,0.0,0.0,1.0
2018-01-01,0.2770029164634731,Ceel Waaq,31,0.0,0.0,0.0,0.0,4.0,0.0,0.0,1.0,1.0
2018-01-01,0.3096083862495412,Ceerigaabo,32,4.0,0.0,0.0,0.0,0.0,1.0,5.0,1.0,0.0
2018-01-01,0.3909032104916541,Dhuusamarreeb,33,0.0,0.0,0.0,0.0,0.0,0.0,4.0,0.0,0.0
2018-01-01,0.4769534198876959,Diinsoor,34,0.0,0.0,1.0,0.0,2.0,0.0,1.0,0.0,0.0
2018-01-01,0.5392512067568789,Doolow,35,0.0,0.0,0.0,0.0,2.0,0.0,0.0,0.0,0.0
2018-01-01,0.3908949717937982,Bulo Burto,17,1.0,0.0,2.0,0.0,3.0,0.0,0.0,0.0,3.0
2018-01-01,0.482210605259551,Bossaso,15,8.0,2.0,5.0,0.0,15.0,1.0,6.0,2.0,0.0
2018-01-01,0.384859060068862,Afgooye,1,2.0,0.0,11.0,0.0,49.0,0.0,3.0,2.0,4.0
2018-01-01,0.2972606382668021,Baardheere,3,0.0,0.0,3.0,0.0,9.0,0.0,0.0,0.0,2.0
2018-01-01,0.3711192650605567,Badhaadhe,4,0.0,0.0,0.0,0.0,6.0,0.0,0.0,0.0,0.0
2018-01-01,0.3580405856281527,Balcad,6,0.0,0.0,0.0,0.0,8.0,0.0,0.0,0.0,3.0
2018-01-01,0.3785774588022779,Baraawe,9,0.0,0.0,5.0,0.0,4.0,0.0,0.0,0.0,2.0
2018-01-01,0.4637281725694139,Belet Weyne,11,1.0,1.0,3.0,1.0,10.0,0.0,6.0,1.0,2.0
2018-01-01,0.2949701973955382,Berbera,13,3.0,0.0,0.0,0.0,0.0,0.0,4.0,0.0,0.0
2018-01-01,0.2406251937071188,Borama,14,1.0,0.0,0.0,0.0,0.0,1.0,5.0,0.0,0.0
2018-01-01,0.4125181113098476,Bu'aale,16,0.0,0.0,0.0,0.0,0.0,0.0,0.0,0.0,0.0
2018-01-01,0.4668580324895174,Gaalkacyo,37,0.0,0.0,1.0,1.0,6.0,0.0,5.0,2.0,0.0
2018-01-01,0.345678336354725,Garbahaarey,39,0.0,0.0,2.0,0.0,1.0,0.0,2.0,0.0,0.0
2018-01-01,0.5372761677527557,Qardho,60,1.0,0.0,0.0,0.0,0.0,1.0,2.0,0.0,0.0
2018-01-01,0.4363798525409664,Qoryooley,61,0.0,0.0,6.0,2.0,5.0,0.0,0.0,0.0,1.0
2018-01-01,0.3717999999999999,Saakow,63,0.0,0.0,0.0,0.0,0.0,0.0,0.0,0.0,0.0
2018-01-01,0.4309610549243231,Sablaale,64,0.0,0.0,0.0,0.0,0.0,0.0,0.0,0.0,0.0
2018-01-01,0.2547557920787028,Taleex,66,0.0,0.0,0.0,0.0,0.0,0.0,0.0,0.0,0.0
2018-01-01,0.4748949097855825,Waajid,68,0.0,0.0,0.0,0.0,6.0,0.0,0.0,0.0,1.0
2018-01-01,0.3788174337777663,Wanla Weyn,69,0.0,1.0,4.0,0.0,3.0,0.0,0.0,0.0,1.0
2018-01-01,0.3447106682656731,Xarardheere,70,0.0,0.0,0.0,0.0,0.0,0.0,0.0,0.0,1.0
2018-01-01,0.4689020964811947,Xudur,72,0.0,0.0,1.0,0.0,1.0,0.0,0.0,0.0,2.0
2018-01-01,0.4695085383288688,Galdogob,38,0.0,0.0,0.0,0.0,0.0,0.0,1.0,1.0,0.0
2018-01-01,0.5092847348131929,Qansax Dheere,59,0.0,0.0,0.0,0.0,3.0,0.0,0.0,0.0,0.0
2018-01-01,0.4649012053458273,Qandala,58,0.0,0.0,0.0,0.0,1.0,0.0,2.0,1.0,1.0
2018-01-01,0.2505864840856458,Sheikh,65,0.0,0.0,0.0,0.0,0.0,0.0,1.0,0.0,0.0
2018-01-01,0.3971406259324205,Marka,56,0.0,0.0,4.0,0.0,30.0,0.0,0.0,0.0,1.0
2018-01-01,0.2303423878316652,Owdweyne,57,0.0,0.0,0.0,0.0,0.0,0.0,1.0,0.0,0.0
2018-01-01,0.2443191130723181,Gebiley,41,0.0,0.0,0.0,0.0,0.0,0.0,2.0,0.0,0.0
2018-01-01,0.2386485041615721,Hargeysa,42,12.0,0.0,0.0,0.0,0.0,3.0,3.0,2.0,0.0
2018-01-01,0.3354148794445133,Hobyo,43,0.0,0.0,0.0,0.0,0.0,0.0,0.0,0.0,0.0
2018-01-01,0.4846457772814762,Iskushuban,44,0.0,0.0,9.0,0.0,1.0,0.0,0.0,0.0,0.0
2018-01-01,0.3858321287337016,Jalalaqsi,45,0.0,0.0,4.0,0.0,3.0,0.0,0.0,0.0,0.0
2018-01-01,0.4077438698894172,Jamaame,46,0.0,0.0,0.0,0.0,1.0,0.0,0.0,0.0,0.0
2018-01-01,0.5170266990935967,Garoowe,40,5.0,0.0,1.0,0.0,0.0,0.0,3.0,0.0,0.0
2018-01-01,0.3830459721840857,Jowhar,49,0.0,0.0,9.0,0.0,41.0,1.0,1.0,0.0,2.0
2018-01-01,0.4685498464822668,Kismaayo,50,0.0,3.0,5.0,0.0,26.0,1.0,1.0,0.0,5.0
2018-01-01,0.4461179568825337,Kurtunwaarey,51,0.0,0.0,0.0,0.0,2.0,0.0,0.0,0.0,3.0
2018-01-01,0.2293654902134254,Laas Caanood,52,1.0,0.0,0.0,0.0,3.0,0.0,4.0,0.0,0.0
2018-01-01,0.2261999999999999,Laasqoray,53,0.0,0.0,0.0,0.0,1.0,0.0,0.0,0.0,0.0
2018-01-01,0.4123022966960434,Luuq,55,0.0,0.0,0.0,0.0,4.0,0.0,0.0,0.0,0.0
2018-01-01,0.4060356888423295,Jilib,48,0.0,0.0,0.0,0.0,0.0,0.0,0.0,0.0,0.0
2018-07-01,0.4133399855287525,Burtinle,19,0.0,0.0,0.0,0.0,0.0,0.0,0.0,0.0,0.0
2018-07-01,0.188847667729668,Buuhoodle,20,0.0,0.0,0.0,0.0,0.0,0.0,7.0,0.0,0.0
2018-07-01,0.47037719442215,Buur Hakaba,21,0.0,0.0,0.0,0.0,1.0,0.0,0.0,0.0,2.0
2018-07-01,0.3232371835699271,Cabudwaaq,22,1.0,0.0,1.0,0.0,0.0,0.0,1.0,0.0,0.0
2018-07-01,0.3305779447408884,Cadaado,23,1.0,0.0,0.0,0.0,0.0,0.0,3.0,0.0,1.0
2018-07-01,0.5231865541625861,Caluula,25,0.0,0.0,0.0,0.0,0.0,0.0,0.0,0.0,0.0
2018-07-01,0.3168079047398306,Ceel Buur,29,0.0,0.0,0.0,0.0,0.0,0.0,1.0,0.0,0.0
2018-07-01,0.4201611561308622,Ceel Afweyn,27,1.0,0.0,0.0,0.0,0.0,2.0,1.0,0.0,0.0
2018-07-01,0.3237222467082124,Ceel Dheer,30,0.0,0.0,0.0,0.0,1.0,0.0,0.0,0.0,1.0
2018-07-01,0.3215618498962238,Ceel Waaq,31,0.0,0.0,1.0,0.0,0.0,0.0,0.0,0.0,2.0
2018-07-01,0.4231594017049179,Ceerigaabo,32,5.0,0.0,0.0,0.0,0.0,4.0,11.0,1.0,0.0
2018-07-01,0.3069711905400723,Dhuusamarreeb,33,0.0,0.0,0.0,0.0,0.0,0.0,3.0,0.0,0.0
2018-07-01,0.1770356571398554,Burco,18,5.0,0.0,0.0,0.0,0.0,3.0,4.0,0.0,0.0
2018-07-01,0.3464523514753054,Caynabo,26,2.0,0.0,0.0,0.0,0.0,0.0,3.0,0.0,0.0
2018-07-01,0.470453127878576,Bulo Burto,17,0.0,0.0,1.0,0.0,7.0,0.0,0.0,0.0,4.0
2018-07-01,0.3942170096006928,Bossaso,15,6.0,1.0,3.0,0.0,24.0,0.0,5.0,3.0,0.0
2018-07-01,0.4383403468241347,Afgooye,1,2.0,2.0,10.0,0.0,47.0,0.0,4.0,2.0,5.0
2018-07-01,0.2870882907046133,Baardheere,3,0.0,0.0,7.0,0.0,5.0,0.0,0.0,0.0,2.0
2018-07-01,0.2330307158506623,Badhaadhe,4,0.0,0.0,2.0,0.0,6.0,0.0,1.0,0.0,0.0
2018-07-01,0.3124852051578765,Baki,5,0.0,0.0,0.0,0.0,0.0,0.0,1.0,0.0,0.0
2018-07-01,0.4256324032458843,Balcad,6,0.0,0.0,0.0,0.0,13.0,0.0,0.0,0.0,4.0
2018-07-01,0.31831560695452,Bu'aale,16,0.0,0.0,0.0,0.0,0.0,0.0,0.0,0.0,0.0
2018-07-01,0.4292576344574564,Banadir,7,6.0,8.0,14.0,0.0,113.0,4.0,18.0,2.0,1.0
2018-07-01,0.439931798183591,Baraawe,9,0.0,0.0,3.0,0.0,9.0,0.0,0.0,0.0,2.0
2018-07-01,0.4723126687951987,Baydhaba,10,0.0,1.0,1.0,0.0,25.0,0.0,1.0,0.0,1.0
2018-07-01,0.4709482336256127,Belet Weyne,11,0.0,1.0,2.0,1.0,7.0,0.0,7.0,1.0,1.0
2018-07-01,0.4070600258586147,Belet Xaawo,12,1.0,0.0,0.0,0.0,0.0,0.0,0.0,0.0,0.0
2018-07-01,0.2657364311048932,Berbera,13,0.0,0.0,0.0,0.0,0.0,1.0,5.0,0.0,0.0
2018-07-01,0.204456465641011,Borama,14,0.0,0.0,0.0,0.0,0.0,3.0,8.0,0.0,0.0
2018-07-01,0.3786044640745989,Bandarbeyla,8,0.0,0.0,0.0,0.0,0.0,0.0,0.0,0.0,0.0
2018-07-01,0.3983778863086515,Doolow,35,0.0,0.0,0.0,0.0,1.0,0.0,0.0,0.0,0.0
2018-07-01,0.4709407002848428,Diinsoor,34,0.0,0.0,1.0,0.0,2.0,0.0,1.0,0.0,0.0
2018-07-01,0.3939217335250711,Gaalkacyo,37,1.0,1.0,1.0,1.0,7.0,0.0,5.0,1.0,0.0
2018-07-01,0.4847031486728068,Qandala,58,0.0,0.0,0.0,0.0,1.0,0.0,0.0,0.0,1.0
2018-07-01,0.4706401766004414,Qansax Dheere,59,0.0,0.0,0.0,0.0,4.0,0.0,0.0,0.0,0.0
2018-07-01,0.4087521426316601,Qardho,60,2.0,0.0,0.0,0.0,0.0,1.0,2.0,0.0,0.0
2018-07-01,0.4388574958395,Qoryooley,61,0.0,0.0,4.0,2.0,5.0,0.0,0.0,0.0,2.0
2018-07-01,0.3836149906890133,Saakow,63,0.0,0.0,0.0,0.0,0.0,0.0,0.0,0.0,0.0
2018-07-01,0.4365207106198354,Sablaale,64,0.0,0.0,0.0,0.0,0.0,0.0,0.0,0.0,1.0
2018-07-01,0.3787844823934796,Taleex,66,0.0,0.0,0.0,0.0,0.0,0.0,0.0,0.0,0.0
2018-07-01,0.4731941786256158,Tayeeglow,67,0.0,0.0,0.0,0.0,0.0,0.0,0.0,0.0,0.0
2018-07-01,0.4792888339084379,Waajid,68,0.0,0.0,0.0,0.0,5.0,0.0,0.0,0.0,0.0
2018-07-01,0.4417324945420314,Wanla Weyn,69,0.0,2.0,0.0,0.0,4.0,0.0,0.0,0.0,1.0
2018-07-01,0.3440937497588239,Xarardheere,70,0.0,0.0,0.0,0.0,0.0,0.0,0.0,0.0,0.0
2018-07-01,0.3499931256730363,Xudun,71,0.0,0.0,0.0,0.0,0.0,0.0,0.0,0.0,0.0
2018-07-01,0.48161201917032,Xudur,72,0.0,0.0,1.0,0.0,1.0,0.0,0.0,0.0,1.0
2018-07-01,0.2939877424871059,Zeylac,73,0.0,0.0,0.0,0.0,0.0,0.0,0.0,0.0,0.0
2018-07-01,0.2072939133886237,Owdweyne,57,0.0,0.0,0.0,0.0,0.0,0.0,1.0,0.0,0.0
2018-07-01,0.4356751207813825,Marka,56,0.0,0.0,7.0,0.0,35.0,0.0,0.0,0.0,1.0
2018-07-01,0.3817815509494871,Laasqoray,53,0.0,0.0,0.0,0.0,0.0,0.0,1.0,0.0,0.0
2018-07-01,0.4017369795363936,Galdogob,38,0.0,0.0,0.0,0.0,0.0,0.0,1.0,1.0,0.0
2018-07-01,0.3582420806274685,Garbahaarey,39,0.0,0.0,2.0,0.0,1.0,0.0,2.0,0.0,0.0
2018-07-01,0.3790731071095702,Garoowe,40,0.0,0.0,0.0,0.0,0.0,0.0,3.0,0.0,0.0
2018-07-01,0.195572345649635,Gebiley,41,0.0,0.0,0.0,0.0,0.0,0.0,2.0,0.0,0.0
2018-07-01,0.1951645146346709,Hargeysa,42,7.0,0.0,0.0,6.0,0.0,4.0,4.0,1.0,0.0
2018-07-01,0.4239158201206688,Iskushuban,44,0.0,0.0,10.0,0.0,0.0,0.0,0.0,0.0,0.0
2018-07-01,0.4698845151234747,Jalalaqsi,45,0.0,0.0,3.0,0.0,3.0,0.0,0.0,0.0,0.0
2018-07-01,0.3149404261361454,Jamaame,46,0.0,1.0,2.0,0.0,1.0,0.0,0.0,0.0,0.0
2018-07-01,0.3520726565695597,Hobyo,43,0.0,0.0,0.0,0.0,0.0,0.0,0.0,0.0,0.0
2018-07-01,0.3157056116630282,Jilib,48,0.0,0.0,1.0,0.0,1.0,0.0,0.0,1.0,1.0
2018-07-01,0.4361091139158288,Jowhar,49,0.0,0.0,4.0,0.0,23.0,0.0,0.0,0.0,7.0
2018-07-01,0.3096236699207461,Kismaayo,50,2.0,0.0,6.0,0.0,19.0,1.0,2.0,0.0,0.0
2018-07-01,0.4391758387432182,Kurtunwaarey,51,0.0,0.0,0.0,0.0,0.0,0.0,0.0,0.0,4.0
2018-07-01,0.3237610476395274,Laas Caanood,52,2.0,0.0,8.0,0.0,3.0,0.0,4.0,0.0,1.0
2018-07-01,0.4097136186539254,Luuq,55,0.0,0.0,0.0,0.0,2.0,0.0,0.0,0.0,0.0
2019-01-01,0.3121385033565494,Buuhoodle,20,0.0,1.0,0.0,0.0,0.0,0.0,1.0,0.0,0.0
2019-01-01,0.5490683229813665,Buur Hakaba,21,0.0,0.0,0.0,0.0,1.0,0.0,0.0,0.0,0.0
2019-01-01,0.3728535271691253,Cabudwaaq,22,0.0,0.0,0.0,0.0,0.0,0.0,0.0,0.0,0.0
2019-01-01,0.3520109308137275,Cadaado,23,0.0,0.0,0.0,0.0,0.0,0.0,2.0,0.0,1.0
2019-01-01,0.3368835013608263,Cadale,24,0.0,0.0,0.0,0.0,0.0,0.0,0.0,0.0,0.0
2019-01-01,0.350049306671516,Dhuusamarreeb,33,1.0,0.0,0.0,0.0,0.0,0.0,0.0,0.0,0.0
2019-01-01,0.5293849399339471,Ceel Barde,28,0.0,0.0,0.0,0.0,0.0,0.0,0.0,0.0,0.0
2019-01-01,0.3777466079633201,Ceel Buur,29,0.0,0.0,0.0,0.0,0.0,0.0,1.0,0.0,0.0
2019-01-01,0.302048788800896,Ceel Dheer,30,0.0,0.0,0.0,0.0,1.0,0.0,0.0,0.0,0.0
2019-01-01,0.4894280635303719,Ceel Waaq,31,0.0,0.0,3.0,0.0,1.0,0.0,0.0,0.0,1.0
2019-01-01,0.3969125115565767,Ceerigaabo,32,1.0,0.0,1.0,0.0,0.0,3.0,8.0,0.0,0.0
2019-01-01,0.2998339565222233,Burco,18,2.0,0.0,0.0,0.0,0.0,3.0,4.0,0.0,0.0
2019-01-01,0.5512844916157692,Diinsoor,34,0.0,0.0,0.0,0.0,1.0,0.0,1.0,0.0,0.0
2019-01-01,0.4022499807716035,Ceel Afweyn,27,1.0,0.0,0.0,0.0,0.0,1.0,1.0,0.0,0.0
2019-01-01,0.5898451672177014,Bulo Burto,17,0.0,0.0,1.0,0.0,17.0,0.0,0.0,0.0,3.0
2019-01-01,0.5737354286751378,Baydhaba,10,3.0,1.0,0.0,0.0,27.0,1.0,2.0,0.0,7.0
2019-01-01,0.3081383281834315,Bossaso,15,2.0,0.0,2.0,0.0,14.0,0.0,1.0,1.0,0.0
2019-01-01,0.462159131461528,Afgooye,1,0.0,3.0,7.0,0.0,37.0,0.0,1.0,0.0,2.0
2019-01-01,0.5213965829380455,Baardheere,3,0.0,0.0,6.0,0.0,4.0,0.0,1.0,0.0,0.0
2019-01-01,0.4823586641167936,Badhaadhe,4,0.0,0.0,2.0,0.0,1.0,0.0,1.0,0.0,0.0
2019-01-01,0.4207892941616012,Balcad,6,0.0,0.0,2.0,0.0,13.0,0.0,0.0,0.0,5.0
2019-01-01,0.4536122788198948,Banadir,7,5.0,10.0,11.0,0.0,132.0,5.0,10.0,2.0,0.0
2019-01-01,0.4680395945111392,Baraawe,9,0.0,0.0,4.0,0.0,9.0,0.0,0.0,0.0,0.0
2019-01-01,0.5868054618205713,Belet Weyne,11,1.0,0.0,0.0,0.0,10.0,0.0,4.0,0.0,0.0
2019-01-01,0.5172155129757019,Belet Xaawo,12,0.0,0.0,0.0,1.0,1.0,0.0,0.0,0.0,0.0
2019-01-01,0.2430326560610348,Berbera,13,1.0,0.0,0.0,0.0,0.0,1.0,8.0,0.0,0.0
2019-01-01,0.5163749201445982,Bu'aale,16,0.0,0.0,0.0,0.0,0.0,0.0,0.0,0.0,0.0
2019-01-01,0.5545845681860391,Doolow,35,0.0,0.0,0.0,0.0,0.0,0.0,0.0,0.0,1.0
2019-01-01,0.3738642018133994,Caynabo,26,0.0,0.0,0.0,0.0,0.0,0.0,1.0,0.0,0.0
2019-01-01,0.3845598383707495,Galdogob,38,0.0,0.0,0.0,0.0,0.0,0.0,0.0,0.0,0.0
2019-01-01,0.4662120199606611,Qandala,58,0.0,0.0,0.0,0.0,1.0,0.0,0.0,0.0,1.0
2019-01-01,0.5490683229813664,Qansax Dheere,59,0.0,0.0,0.0,0.0,2.0,0.0,0.0,0.0,0.0
2019-01-01,0.3450721294564353,Qardho,60,1.0,0.0,0.0,0.0,0.0,0.0,0.0,0.0,0.0
2019-01-01,0.4647070601850455,Qoryooley,61,0.0,0.0,2.0,0.0,2.0,0.0,0.0,0.0,2.0
2019-01-01,0.4181286549707602,Saakow,63,0.0,0.0,0.0,0.0,0.0,0.0,0.0,0.0,0.0
2019-01-01,0.3310823852137992,Owdweyne,57,0.0,0.0,0.0,0.0,1.0,0.0,1.0,0.0,0.0
2019-01-01,0.311807882954238,Sheikh,65,0.0,0.0,0.0,0.0,0.0,0.0,0.0,0.0,0.0
2019-01-01,0.5481180166869125,Tayeeglow,67,0.0,0.0,0.0,0.0,0.0,0.0,0.0,0.0,1.0
2019-01-01,0.5458546307673043,Waajid,68,0.0,0.0,0.0,0.0,1.0,0.0,0.0,0.0,0.0
2019-01-01,0.4732566779470763,Wanla Weyn,69,0.0,1.0,0.0,0.0,9.0,0.0,1.0,0.0,0.0
2019-01-01,0.2395519799571875,Xarardheere,70,0.0,0.0,0.0,0.0,0.0,0.0,0.0,0.0,1.0
2019-01-01,0.5457788588250408,Xudur,72,0.0,0.0,0.0,0.0,1.0,0.0,2.0,0.0,0.0
2019-01-01,0.389948051145162,Eyl,36,0.0,0.0,0.0,0.0,0.0,0.0,0.0,0.0,0.0
2019-01-01,0.3972102948995347,Taleex,66,0.0,0.0,0.0,0.0,0.0,0.0,0.0,0.0,0.0
2019-01-01,0.4539589601919299,Marka,56,0.0,0.0,7.0,1.0,34.0,0.0,0.0,0.0,2.0
2019-01-01,0.2649276406311697,Zeylac,73,0.0,0.0,0.0,0.0,0.0,0.0,1.0,0.0,0.0
2019-01-01,0.500413842160481,Luuq,55,0.0,0.0,0.0,0.0,2.0,0.0,0.0,0.0,0.0
2019-01-01,0.5554649634831142,Garbahaarey,39,0.0,0.0,0.0,0.0,2.0,0.0,6.0,0.0,0.0
2019-01-01,0.3712592237262992,Garoowe,40,0.0,0.0,0.0,0.0,0.0,0.0,6.0,0.0,0.0
2019-01-01,0.2418992297764819,Gebiley,41,0.0,0.0,0.0,0.0,0.0,0.0,1.0,0.0,0.0
2019-01-01,0.2213906679944643,Hargeysa,42,0.0,0.0,0.0,11.0,0.0,4.0,3.0,0.0,0.0
2019-01-01,0.3487584354785739,Hobyo,43,0.0,0.0,0.0,0.0,0.0,0.0,0.0,0.0,0.0
2019-01-01,0.4394605539382136,Iskushuban,44,0.0,0.0,3.0,0.0,0.0,0.0,0.0,0.0,2.0
2019-01-01,0.5921047430628529,Jalalaqsi,45,0.0,0.0,0.0,0.0,4.0,0.0,0.0,0.0,2.0
2019-01-01,0.3602422105460542,Gaalkacyo,37,4.0,1.0,0.0,1.0,2.0,0.0,3.0,0.0,0.0
2019-01-01,0.3501107168133883,Jariiban,47,0.0,0.0,0.0,0.0,0.0,0.0,0.0,0.0,0.0
2019-01-01,0.5113327705575001,Jilib,48,0.0,0.0,2.0,0.0,2.0,0.0,0.0,1.0,1.0
2019-01-01,0.4607258650079849,Jowhar,49,0.0,0.0,0.0,1.0,9.0,0.0,0.0,0.0,8.0
2019-01-01,0.412029161025459,Kismaayo,50,2.0,0.0,2.0,0.0,7.0,0.0,1.0,1.0,0.0
2019-01-01,0.3366077651757097,Laas Caanood,52,2.0,0.0,19.0,1.0,0.0,0.0,3.0,0.0,1.0
2019-01-01,0.3657972542777379,Laasqoray,53,0.0,0.0,0.0,0.0,0.0,0.0,1.0,0.0,0.0
2019-01-01,0.532680040708361,Jamaame,46,0.0,1.0,2.0,0.0,1.0,0.0,0.0,0.0,0.0
2019-07-01,0.3761680108430838,Laas Caanood,52,0.0,0.0,11.0,1.0,1.0,0.0,3.0,0.0,0.0
2019-07-01,0.4452618351340643,Kurtunwaarey,51,0.0,0.0,0.0,0.0,0.0,0.0,0.0,0.0,0.0
2019-07-01,0.3769676308818636,Kismaayo,50,0.0,0.0,3.0,0.0,5.0,0.0,0.0,1.0,0.0
2019-07-01,0.4462076309782391,Jowhar,49,0.0,0.0,2.0,1.0,17.0,0.0,2.0,0.0,1.0
2019-07-01,0.4403832811966767,Jamaame,46,0.0,0.0,0.0,0.0,0.0,0.0,0.0,0.0,0.0
2019-07-01,0.4090915108402051,Jariiban,47,0.0,0.0,0.0,0.0,0.0,0.0,0.0,0.0,0.0
2019-07-01,0.4735042553650304,Jalalaqsi,45,0.0,0.0,1.0,0.0,3.0,0.0,0.0,0.0,2.0
2019-07-01,0.3383899894950222,Iskushuban,44,0.0,0.0,1.0,0.0,2.0,0.0,0.0,0.0,3.0
2019-07-01,0.3706782212839118,Hobyo,43,0.0,0.0,0.0,0.0,0.0,0.0,0.0,0.0,0.0
2019-07-01,0.2029943156263941,Hargeysa,42,1.0,0.0,0.0,5.0,0.0,3.0,4.0,0.0,0.0
2019-07-01,0.2667717736348647,Gebiley,41,0.0,0.0,0.0,0.0,0.0,0.0,1.0,0.0,0.0
2019-07-01,0.3909294797509632,Jilib,48,0.0,0.0,1.0,0.0,1.0,0.0,0.0,0.0,0.0
2019-07-01,0.3829595838278671,Luuq,55,0.0,0.0,0.0,0.0,1.0,0.0,0.0,0.0,0.0
2019-07-01,0.3964549089065016,Qardho,60,0.0,0.0,0.0,0.0,1.0,0.0,0.0,0.0,0.0
2019-07-01,0.2163547982087805,Owdweyne,57,0.0,0.0,0.0,0.0,1.0,0.0,0.0,0.0,0.0
2019-07-01,0.2932033874905685,Garoowe,40,1.0,0.0,0.0,1.0,0.0,0.0,7.0,0.0,0.0
2019-07-01,0.3136157179811676,Zeylac,73,0.0,0.0,0.0,0.0,0.0,0.0,1.0,0.0,0.0
2019-07-01,0.549549493748511,Xudur,72,1.0,0.0,1.0,0.0,0.0,0.0,3.0,0.0,0.0
2019-07-01,0.3962781291497199,Xarardheere,70,0.0,0.0,0.0,0.0,0.0,0.0,0.0,0.0,1.0
2019-07-01,0.4147038987749591,Wanla Weyn,69,0.0,0.0,1.0,0.0,11.0,0.0,1.0,0.0,1.0
2019-07-01,0.5312342103332384,Waajid,68,0.0,0.0,1.0,0.0,1.0,0.0,0.0,0.0,0.0
2019-07-01,0.5185117637649114,Tayeeglow,67,0.0,0.0,0.0,0.0,0.0,0.0,0.0,0.0,1.0
2019-07-01,0.4587764880148566,Sablaale,64,0.0,0.0,0.0,0.0,0.0,0.0,0.0,0.0,0.0
2019-07-01,0.4443390921876267,Qoryooley,61,0.0,0.0,0.0,0.0,1.0,0.0,0.0,0.0,0.0
2019-07-01,0.6480009367515506,Qansax Dheere,59,0.0,0.0,0.0,0.0,4.0,0.0,0.0,0.0,0.0
2019-07-01,0.4205569846330418,Qandala,58,0.0,0.0,0.0,0.0,0.0,0.0,0.0,0.0,0.0
2019-07-01,0.4637137550163429,Marka,56,0.0,0.0,0.0,1.0,29.0,0.0,0.0,0.0,1.0
2019-07-01,0.2081401693223537,Sheikh,65,0.0,0.0,0.0,0.0,1.0,0.0,0.0,0.0,0.0
2019-07-01,0.4048338368195087,Garbahaarey,39,0.0,0.0,0.0,0.0,2.0,0.0,8.0,0.0,0.0
2019-07-01,0.4778162642037701,Gaalkacyo,37,3.0,0.0,0.0,2.0,0.0,0.0,4.0,0.0,0.0
2019-07-01,0.2138712946350238,Borama,14,0.0,0.0,0.0,0.0,0.0,0.0,1.0,0.0,0.0
2019-07-01,0.2324431385911439,Berbera,13,1.0,0.0,0.0,0.0,0.0,0.0,4.0,0.0,0.0
2019-07-01,0.4081442057063084,Belet Xaawo,12,0.0,0.0,0.0,1.0,2.0,0.0,0.0,0.0,0.0
2019-07-01,0.4954915340016362,Belet Weyne,11,3.0,0.0,0.0,0.0,14.0,0.0,4.0,0.0,1.0
2019-07-01,0.4454830625784129,Baraawe,9,0.0,0.0,1.0,0.0,4.0,0.0,0.0,0.0,1.0
2019-07-01,0.4283242181220916,Bossaso,15,0.0,0.0,3.0,0.0,7.0,0.0,2.0,0.0,0.0
2019-07-01,0.3899254108022901,Balcad,6,0.0,0.0,2.0,0.0,23.0,0.0,1.0,0.0,6.0
2019-07-01,0.3489569935965541,Badhaadhe,4,0.0,0.0,1.0,0.0,4.0,0.0,0.0,0.0,0.0
2019-07-01,0.2484368223141074,Baardheere,3,0.0,1.0,2.0,0.0,7.0,0.0,3.0,0.0,1.0
2019-07-01,0.4492225378213771,Afgooye,1,0.0,1.0,3.0,0.0,27.0,0.0,0.0,0.0,0.0
2019-07-01,0.3126112111904077,Adan Yabaal,0,0.0,0.0,0.0,0.0,0.0,0.0,0.0,0.0,0.0
2019-07-01,0.4646904136201208,Galdogob,38,0.0,0.0,0.0,0.0,0.0,0.0,0.0,0.0,0.0
2019-07-01,0.4512394733904072,Banadir,7,6.0,7.0,6.0,3.0,154.0,2.0,12.0,3.0,1.0
2019-07-01,0.3994682200116711,Bu'aale,16,0.0,0.0,0.0,0.0,1.0,0.0,0.0,0.0,0.0
2019-07-01,0.1798890136234226,Burco,18,0.0,0.0,0.0,0.0,0.0,0.0,1.0,0.0,0.0
2019-07-01,0.4798138405125635,Bulo Burto,17,0.0,0.0,0.0,0.0,15.0,0.0,0.0,0.0,1.0
2019-07-01,0.631234351243638,Diinsoor,34,0.0,0.0,0.0,0.0,2.0,0.0,1.0,0.0,0.0
2019-07-01,0.4195523751616953,Dhuusamarreeb,33,2.0,0.0,0.0,0.0,0.0,0.0,0.0,0.0,0.0
2019-07-01,0.3959349225046938,Ceerigaabo,32,0.0,0.0,1.0,0.0,0.0,0.0,2.0,0.0,0.0
2019-07-01,0.2898932988948713,Ceel Waaq,31,0.0,0.0,2.0,0.0,3.0,0.0,0.0,0.0,1.0
2019-07-01,0.3728953651323323,Ceel Dheer,30,0.0,0.0,0.0,0.0,0.0,0.0,0.0,0.0,0.0
2019-07-01,0.4128893068350834,Ceel Buur,29,0.0,0.0,0.0,0.0,0.0,0.0,0.0,0.0,0.0
2019-07-01,0.6338574120659726,Ceel Barde,28,0.0,0.0,0.0,0.0,1.0,0.0,0.0,0.0,0.0
2019-07-01,0.4261285631981143,Doolow,35,0.0,0.0,0.0,0.0,0.0,0.0,0.0,0.0,1.0
2019-07-01,0.4918983277534718,Caluula,25,0.0,0.0,0.0,0.0,0.0,0.0,0.0,0.0,0.0
2019-07-01,0.3083621800244197,Cadale,24,0.0,0.0,0.0,0.0,0.0,0.0,0.0,0.0,0.0
2019-07-01,0.4486568197838627,Cadaado,23,0.0,0.0,0.0,0.0,0.0,0.0,1.0,0.0,0.0
2019-07-01,0.4257411293474653,Cabudwaaq,22,0.0,0.0,0.0,0.0,0.0,0.0,0.0,0.0,0.0
2019-07-01,0.6211723936273237,Buur Hakaba,21,0.0,0.0,1.0,0.0,7.0,0.0,0.0,0.0,0.0
2019-07-01,0.2280735519390103,Buuhoodle,20,0.0,1.0,0.0,0.0,0.0,0.0,0.0,0.0,0.0
2019-07-01,0.4017099370835031,Ceel Afweyn,27,0.0,0.0,0.0,0.0,0.0,0.0,0.0,0.0,0.0
2020-01-01,0.4244430093639005,Qansax Dheere,59,0.0,0.0,0.0,0.0,5.0,0.0,0.0,0.0,0.0
2020-01-01,0.3608793180798564,Cabudwaaq,22,0.0,0.0,0.0,0.0,0.0,0.0,0.0,0.0,0.0
2020-01-01,0.3380690991281885,Cadaado,23,0.0,0.0,0.0,0.0,0.0,0.0,1.0,0.0,1.0
2020-01-01,0.3266989556530952,Ceel Buur,29,0.0,0.0,0.0,0.0,0.0,0.0,0.0,0.0,0.0
2020-01-01,0.2858416181007885,Ceel Dheer,30,0.0,0.0,0.0,0.0,0.0,0.0,0.0,0.0,0.0
2020-01-01,0.3225435261156694,Dhuusamarreeb,33,1.0,0.0,0.0,1.0,2.0,0.0,2.0,0.0,0.0
2020-01-01,0.2304840065259306,Baardheere,3,1.0,1.0,0.0,0.0,5.0,0.0,2.0,0.0,2.0
2020-01-01,0.3596606279203213,Garbahaarey,39,0.0,0.0,0.0,0.0,1.0,0.0,3.0,0.0,0.0
2020-01-01,0.2331280633404549,Ceel Waaq,31,0.0,0.0,1.0,0.0,2.0,0.0,0.0,0.0,1.0
2020-01-01,0.3757435851904466,Doolow,35,0.0,0.0,0.0,0.0,0.0,0.0,1.0,0.0,0.0
2020-01-01,0.3060848186846958,Luuq,55,0.0,0.0,0.0,0.0,1.0,0.0,1.0,0.0,0.0
2020-01-01,0.4625835669613974,Belet Weyne,11,2.0,0.0,0.0,0.0,10.0,0.0,2.0,0.0,1.0
2020-01-01,0.4556007922535211,Bulo Burto,17,0.0,0.0,0.0,0.0,9.0,0.0,0.0,0.0,0.0
2020-01-01,0.4420162648228424,Diinsoor,34,0.0,0.0,0.0,0.0,3.0,0.0,0.0,0.0,0.0
2020-01-01,0.4544457188450606,Jalalaqsi,45,0.0,0.0,1.0,0.0,4.0,0.0,0.0,0.0,0.0
2020-01-01,0.3524982406755805,Belet Xaawo,12,0.0,0.0,0.0,0.0,1.0,0.0,2.0,0.0,0.0
2020-01-01,0.4157290382244143,Buur Hakaba,21,0.0,0.0,1.0,0.0,8.0,0.0,0.0,0.0,0.0
2020-01-01,0.4367229608336327,Waajid,68,0.0,0.0,2.0,0.0,0.0,0.0,0.0,0.0,0.0
2020-01-01,0.3997979640997746,Qardho,60,0.0,0.0,0.0,0.0,1.0,0.0,0.0,0.0,0.0
2020-01-01,0.2082093691694821,Baki,5,0.0,0.0,0.0,0.0,0.0,0.0,0.0,0.0,0.0
2020-01-01,0.1412881669919613,Borama,14,0.0,0.0,0.0,0.0,0.0,0.0,3.0,0.0,0.0
2020-01-01,0.2421965609399425,Lughaye,54,0.0,0.0,0.0,0.0,1.0,0.0,0.0,0.0,0.0
2020-01-01,0.4899163797343827,Ceel Barde,28,0.0,0.0,0.0,0.0,2.0,0.0,0.0,0.0,0.0
2020-01-01,0.4204941640139457,Rab Dhuure,62,0.0,0.0,0.0,0.0,0.0,0.0,0.0,0.0,0.0
2020-01-01,0.4117135401565671,Tayeeglow,67,0.0,0.0,0.0,0.0,0.0,0.0,0.0,0.0,0.0
2020-01-01,0.4469897765997728,Xudur,72,1.0,0.0,2.0,0.0,2.0,0.0,1.0,1.0,0.0
2020-01-01,0.464595584853251,Banadir,7,1.0,2.0,6.0,3.0,136.0,1.0,12.0,1.0,1.0
2020-01-01,0.3404326123128119,Bandarbeyla,8,0.0,0.0,0.0,1.0,0.0,0.0,0.0,0.0,0.0
2020-01-01,0.4153248254892724,Bossaso,15,1.0,0.0,2.0,0.0,12.0,0.0,3.0,0.0,0.0
2020-01-01,0.4729064039408867,Caluula,25,0.0,0.0,0.0,0.0,0.0,0.0,0.0,0.0,0.0
2020-01-01,0.3742070183891431,Iskushuban,44,0.0,0.0,1.0,0.0,3.0,0.0,0.0,0.0,1.0
2020-01-01,0.2639538679142639,Badhaadhe,4,0.0,0.0,1.0,0.0,5.0,0.0,0.0,0.0,0.0
2020-01-01,0.4505242752665433,Baraawe,9,0.0,1.0,1.0,0.0,3.0,0.0,0.0,0.0,1.0
2020-01-01,0.3619308628245356,Kismaayo,50,0.0,0.0,6.0,0.0,16.0,0.0,2.0,0.0,0.0
2020-01-01,0.345604315497886,Eyl,36,0.0,0.0,0.0,0.0,0.0,0.0,0.0,0.0,0.0
2020-01-01,0.3761939925204259,Garoowe,40,1.0,0.0,0.0,1.0,0.0,0.0,5.0,0.0,0.0
2020-01-01,0.2885139291677652,Ceel Afweyn,27,0.0,0.0,0.0,0.0,0.0,0.0,1.0,0.0,0.0
2020-01-01,0.2514301767289815,Ceerigaabo,32,1.0,0.0,0.0,0.0,0.0,0.0,2.0,0.0,1.0
2020-01-01,0.1814135894950207,Laas Caanood,52,2.0,0.0,0.0,0.0,1.0,0.0,5.0,0.0,0.0
2020-01-01,0.1350544166033915,Buuhoodle,20,0.0,0.0,0.0,0.0,1.0,0.0,0.0,0.0,0.0
2020-01-01,0.132173714024146,Owdweyne,57,0.0,0.0,0.0,0.0,0.0,0.0,0.0,0.0,0.0
2020-01-01,0.1455487847587028,Sheikh,65,1.0,0.0,0.0,0.0,1.0,0.0,0.0,0.0,0.0
2020-01-01,0.1808939137198255,Berbera,13,0.0,0.0,0.0,0.0,0.0,0.0,1.0,0.0,0.0
2020-01-01,0.1675903119868637,Gebiley,41,0.0,0.0,0.0,0.0,0.0,0.0,1.0,0.0,0.0
2020-01-01,0.3833278902677988,Jamaame,46,0.0,0.0,0.0,0.0,0.0,0.0,0.0,0.0,0.0
2020-01-01,0.1277865307901176,Hargeysa,42,2.0,0.0,0.0,0.0,0.0,2.0,5.0,0.0,0.0
2020-01-01,0.0911891620672353,Burco,18,1.0,0.0,0.0,0.0,0.0,0.0,3.0,0.0,0.0
2020-01-01,0.3925848407833757,Xarardheere,70,0.0,0.0,0.0,0.0,1.0,0.0,0.0,0.0,0.0
2020-01-01,0.1939232409381663,Caynabo,26,1.0,0.0,0.0,0.0,0.0,0.0,1.0,0.0,0.0
2020-01-01,0.306084466714388,Hobyo,43,0.0,0.0,0.0,0.0,0.0,0.0,0.0,0.0,0.0
2020-01-01,0.3512605042016806,Jariiban,47,0.0,0.0,0.0,0.0,0.0,0.0,0.0,0.0,0.0
2020-01-01,0.4855604762788724,Kurtunwaarey,51,0.0,0.0,0.0,0.0,0.0,0.0,0.0,0.0,0.0
2020-01-01,0.4905037846230626,Marka,56,0.0,0.0,3.0,0.0,21.0,0.0,0.0,0.0,0.0
2020-01-01,0.4801347611599085,Qoryooley,61,0.0,0.0,0.0,0.0,9.0,0.0,0.0,0.0,0.0
2020-01-01,0.4933201385452746,Sablaale,64,0.0,0.0,0.0,0.0,0.0,0.0,0.0,0.0,0.0
2020-01-01,0.4118061786950391,Bu'aale,16,0.0,0.0,0.0,0.0,1.0,0.0,0.0,0.0,0.0
2020-01-01,0.3881953090823434,Jilib,48,0.0,0.0,0.0,0.0,0.0,0.0,0.0,0.0,0.0
2020-01-01,0.4289798374962383,Wanla Weyn,69,0.0,0.0,1.0,0.0,10.0,0.0,0.0,0.0,1.0
2020-01-01,0.2890189520624303,Adan Yabaal,0,0.0,0.0,2.0,0.0,1.0,0.0,0.0,0.0,0.0
2020-01-01,0.4582353863030873,Afgooye,1,0.0,1.0,3.0,1.0,33.0,0.0,0.0,0.0,0.0
2020-01-01,0.3992414113024258,Balcad,6,0.0,0.0,1.0,1.0,41.0,0.0,2.0,1.0,3.0
2020-01-01,0.2905168905168905,Cadale,24,0.0,0.0,2.0,0.0,3.0,0.0,0.0,0.0,0.0
2020-01-01,0.4604083984124952,Jowhar,49,0.0,0.0,2.0,0.0,23.0,0.0,4.0,0.0,0.0
2020-01-01,0.4371415325518246,Gaalkacyo,37,0.0,0.0,0.0,1.0,3.0,0.0,2.0,0.0,0.0
2020-07-01,0.2388133498145859,Baardheere,3,1.0,0.0,0.0,0.0,2.0,0.0,0.0,0.0,1.0
2020-07-01,0.3458185340652244,Cadaado,23,0.0,0.0,0.0,0.0,0.0,0.0,1.0,0.0,2.0
2020-07-01,0.3598183881952327,Ceel Buur,29,0.0,0.0,0.0,0.0,2.0,0.0,0.0,0.0,0.0
2020-07-01,0.2814535481659239,Ceel Dheer,30,0.0,0.0,0.0,0.0,0.0,0.0,0.0,0.0,0.0
2020-07-01,0.3271635817908954,Dhuusamarreeb,33,0.0,0.0,0.0,1.0,3.0,1.0,3.0,0.0,1.0
2020-07-01,0.3835327234342012,Belet Xaawo,12,0.0,0.0,0.0,0.0,1.0,0.0,3.0,0.0,1.0
2020-07-01,0.3641207815275311,Doolow,35,0.0,0.0,0.0,0.0,0.0,0.0,2.0,0.0,1.0
2020-07-01,0.3637295081967213,Garbahaarey,39,0.0,0.0,0.0,0.0,4.0,0.0,1.0,0.0,0.0
2020-07-01,0.3583282114320836,Luuq,55,0.0,0.0,0.0,0.0,5.0,0.0,1.0,0.0,0.0
2020-07-01,0.2474660340737546,Belet Weyne,11,2.0,0.0,3.0,0.0,4.0,0.0,2.0,1.0,1.0
2020-07-01,0.1980742778541953,Bulo Burto,17,1.0,0.0,2.0,0.0,7.0,0.0,0.0,0.0,0.0
2020-07-01,0.1947145350286711,Jalalaqsi,45,0.0,0.0,0.0,1.0,5.0,0.0,0.0,0.0,0.0
2020-07-01,0.5084745762711864,Qansax Dheere,59,0.0,0.0,0.0,0.0,1.0,0.0,0.0,0.0,0.0
2020-07-01,0.2664990571967316,Ceel Waaq,31,0.0,0.0,1.0,0.0,0.0,0.0,0.0,0.0,0.0
2020-07-01,0.492387605230163,Diinsoor,34,0.0,0.0,0.0,0.0,5.0,0.0,1.0,0.0,0.0
2020-07-01,0.2774755168661588,Badhaadhe,4,0.0,0.0,0.0,0.0,3.0,0.0,0.0,0.0,0.0
2020-07-01,0.1912113359430997,Borama,14,0.0,0.0,0.0,0.0,0.0,0.0,2.0,0.0,0.0
2020-07-01,0.58780127889818,Ceel Barde,28,0.0,0.0,0.0,0.0,2.0,0.0,0.0,0.0,0.0
2020-07-01,0.5072024260803639,Rab Dhuure,62,0.0,0.0,0.0,0.0,0.0,0.0,0.0,0.0,0.0
2020-07-01,0.4702754954084098,Tayeeglow,67,0.0,0.0,0.0,0.0,0.0,0.0,0.0,0.0,0.0
2020-07-01,0.4955684007707129,Buur Hakaba,21,0.0,0.0,0.0,0.0,4.0,0.0,0.0,0.0,0.0
2020-07-01,0.4933524973050665,Waajid,68,0.0,0.0,1.0,0.0,1.0,0.0,0.0,0.0,0.0
2020-07-01,0.4319770246468998,Banadir,7,3.0,3.0,13.0,0.0,89.0,1.0,15.0,0.0,0.0
2020-07-01,0.3622932391199615,Bossaso,15,1.0,0.0,4.0,0.0,8.0,1.0,3.0,0.0,0.0
2020-07-01,0.2954636692091529,Iskushuban,44,0.0,0.0,4.0,0.0,3.0,0.0,0.0,0.0,0.0
2020-07-01,0.3539238539238539,Qardho,60,0.0,0.0,0.0,0.0,0.0,0.0,0.0,0.0,0.0
2020-07-01,0.5317134742821079,Xudur,72,0.0,0.0,1.0,0.0,3.0,0.0,0.0,1.0,0.0
2020-07-01,0.3061224489795918,Jamaame,46,0.0,0.0,0.0,0.0,0.0,0.0,0.0,0.0,0.0
2020-07-01,0.3746074472857784,Cabudwaaq,22,1.0,0.0,0.0,0.0,0.0,0.0,1.0,0.0,0.0
2020-07-01,0.4841321666449001,Afgooye,1,0.0,1.0,4.0,1.0,43.0,0.0,1.0,0.0,1.0
2020-07-01,0.3128870890900428,Garoowe,40,0.0,1.0,0.0,0.0,0.0,0.0,5.0,0.0,0.0
2020-07-01,0.3018453427065026,Ceel Afweyn,27,0.0,0.0,0.0,0.0,0.0,0.0,1.0,0.0,0.0
2020-07-01,0.263567871280807,Ceerigaabo,32,1.0,0.0,0.0,0.0,0.0,0.0,2.0,0.0,1.0
2020-07-01,0.2574626865671642,Caynabo,26,1.0,0.0,0.0,0.0,0.0,0.0,3.0,0.0,0.0
2020-07-01,0.140943301555444,Burco,18,1.0,0.0,0.0,0.0,0.0,0.0,2.0,0.0,0.0
2020-07-01,0.1898253606681852,Buuhoodle,20,0.0,0.0,0.0,0.0,1.0,0.0,1.0,0.0,0.0
2020-07-01,0.2058333333333333,Berbera,13,0.0,0.0,0.0,0.0,0.0,0.0,2.0,0.0,0.0
2020-07-01,0.1924063622370446,Gebiley,41,0.0,0.0,0.0,0.0,0.0,0.0,1.0,0.0,0.0
2020-07-01,0.1965854943370926,Hargeysa,42,1.0,0.0,0.0,0.0,0.0,2.0,4.0,0.0,0.0
2020-07-01,0.3781725888324873,Burtinle,19,0.0,0.0,0.0,0.0,0.0,0.0,0.0,0.0,0.0
2020-07-01,0.2414050822122571,Xarardheere,70,0.0,0.0,0.0,0.0,2.0,0.0,0.0,0.0,0.0
2020-07-01,0.2306675479180436,Laas Caanood,52,2.0,0.0,0.0,0.0,0.0,0.0,4.0,0.0,0.0
2020-07-01,0.2841803865425912,Hobyo,43,0.0,0.0,0.0,0.0,1.0,0.0,0.0,0.0,0.0
2020-07-01,0.4911894273127753,Baraawe,9,0.0,2.0,1.0,0.0,3.0,0.0,0.0,0.0,0.0
2020-07-01,0.4615277970331346,Marka,56,0.0,0.0,6.0,0.0,24.0,0.0,0.0,0.0,1.0
2020-07-01,0.4593911683311274,Qoryooley,61,0.0,0.0,0.0,0.0,8.0,0.0,0.0,0.0,0.0
2020-07-01,0.4548825710754017,Sablaale,64,0.0,0.0,0.0,0.0,0.0,0.0,0.0,0.0,0.0
2020-07-01,0.4714070729872084,Wanla Weyn,69,0.0,0.0,0.0,0.0,6.0,0.0,0.0,0.0,0.0
2020-07-01,0.3788461538461538,Bu'aale,16,0.0,0.0,0.0,0.0,0.0,0.0,0.0,0.0,0.0
2020-07-01,0.3705150271415331,Kismaayo,50,0.0,0.0,5.0,0.0,15.0,0.0,3.0,0.0,0.0
2020-07-01,0.2773519163763066,Adan Yabaal,0,0.0,0.0,4.0,0.0,1.0,0.0,0.0,0.0,0.0
2020-07-01,0.4233865465957157,Balcad,6,0.0,0.0,6.0,1.0,32.0,0.0,2.0,1.0,1.0
2020-07-01,0.2759462759462759,Cadale,24,0.0,0.0,2.0,0.0,4.0,0.0,0.0,1.0,0.0
2020-07-01,0.4605536885901744,Jowhar,49,0.0,0.0,3.0,0.0,26.0,0.0,2.0,0.0,0.0
2020-07-01,0.3833366448109146,Gaalkacyo,37,0.0,1.0,0.0,0.0,5.0,0.0,1.0,0.0,0.0
2020-07-01,0.4519462624870823,Galdogob,38,0.0,0.0,0.0,0.0,0.0,0.0,0.0,0.0,0.0
2020-07-01,0.3124158815612382,Jilib,48,0.0,0.0,0.0,0.0,0.0,0.0,0.0,0.0,0.0
2021-01-01,0.4282333104445733,Bossaso,15,0.0,0.0,7.0,0.0,7.0,1.0,4.0,0.0,0.0
2021-01-01,0.3438764024096086,Caluula,25,0.0,0.0,0.0,0.0,0.0,0.0,0.0,0.0,0.0
2021-01-01,0.3565675219048366,Iskushuban,44,0.0,0.0,4.0,0.0,3.0,0.0,0.0,0.0,0.0
2021-01-01,0.3321710405579005,Qandala,58,0.0,0.0,0.0,0.0,0.0,0.0,0.0,0.0,0.0
2021-01-01,0.422637962358916,Qardho,60,0.0,0.0,0.0,0.0,0.0,0.0,1.0,0.0,0.0
2021-01-01,0.405234927348139,Burtinle,19,0.0,0.0,0.0,0.0,0.0,0.0,0.0,0.0,0.0
2021-01-01,0.2851447172525171,Hobyo,43,0.0,0.0,0.0,0.0,1.0,0.0,1.0,0.0,0.0
2021-01-01,0.3799963816705769,Gaalkacyo,37,4.0,2.0,0.0,0.0,8.0,0.0,1.0,0.0,0.0
2021-01-01,0.4573444515715202,Galdogob,38,0.0,0.0,0.0,0.0,0.0,0.0,0.0,0.0,0.0
2021-01-01,0.268406014603596,Xarardheere,70,0.0,0.0,0.0,0.0,1.0,0.0,0.0,0.0,0.0
2021-01-01,0.4074148385946138,Cabudwaaq,22,1.0,0.0,0.0,0.0,1.0,0.0,2.0,0.0,0.0
2021-01-01,0.3999756800889413,Cadaado,23,1.0,0.0,0.0,0.0,0.0,0.0,1.0,0.0,2.0
2021-01-01,0.3763941017333375,Garoowe,40,0.0,1.0,0.0,0.0,0.0,0.0,7.0,0.0,0.0
2021-01-01,0.3584365855515789,Ceel Buur,29,0.0,0.0,0.0,0.0,2.0,0.0,2.0,0.0,0.0
2021-01-01,0.3101592806449881,Baki,5,0.0,0.0,0.0,0.0,0.0,0.0,0.0,0.0,0.0
2021-01-01,0.2599961858750237,Ceel Afweyn,27,0.0,0.0,0.0,0.0,0.0,0.0,0.0,0.0,0.0
2021-01-01,0.3369272237196765,Ceel Dheer,30,0.0,0.0,0.0,0.0,0.0,0.0,0.0,0.0,0.0
2021-01-01,0.2772673624137732,Borama,14,0.0,0.0,0.0,0.0,0.0,0.0,0.0,0.0,0.0
2021-01-01,0.2759629145666106,Berbera,13,0.0,0.0,0.0,0.0,1.0,0.0,3.0,0.0,0.0
2021-01-01,0.2876174019676151,Gebiley,41,0.0,0.0,0.0,0.0,0.0,0.0,2.0,0.0,0.0
2021-01-01,0.2676350893059009,Hargeysa,42,0.0,0.0,0.0,0.0,0.0,2.0,5.0,0.0,0.0
2021-01-01,0.1371732766471581,Burco,18,1.0,0.0,0.0,0.0,1.0,0.0,2.0,0.0,0.0
2021-01-01,0.2063106796116504,Buuhoodle,20,0.0,0.0,0.0,0.0,0.0,0.0,2.0,0.0,0.0
2021-01-01,0.2174981567952813,Caynabo,26,0.0,0.0,0.0,0.0,0.0,1.0,2.0,0.0,0.0
2021-01-01,0.2109874570977254,Laas Caanood,52,1.0,0.0,0.0,0.0,1.0,0.0,0.0,0.0,0.0
2021-01-01,0.2245768359322937,Ceerigaabo,32,1.0,0.0,0.0,0.0,0.0,0.0,6.0,0.0,0.0
2021-01-01,0.3560481018674942,Dhuusamarreeb,33,0.0,0.0,5.0,0.0,4.0,1.0,2.0,0.0,2.0
2021-01-01,0.3462197497828791,Bulo Burto,17,1.0,0.0,4.0,0.0,2.0,0.0,0.0,0.0,0.0
2021-01-01,0.4472915724098218,Xudur,72,0.0,0.0,0.0,0.0,3.0,0.0,0.0,0.0,0.0
2021-01-01,0.3868994061543999,Baardheere,3,0.0,0.0,0.0,0.0,0.0,0.0,2.0,0.0,0.0
2021-01-01,0.3349866620681312,Belet Xaawo,12,0.0,0.0,1.0,0.0,2.0,0.0,2.0,0.0,1.0
2021-01-01,0.3544682405589296,Ceel Waaq,31,0.0,0.0,0.0,0.0,2.0,0.0,2.0,0.0,0.0
2021-01-01,0.3515556336790297,Doolow,35,0.0,0.0,0.0,0.0,1.0,0.0,4.0,0.0,1.0
2021-01-01,0.3071993772609909,Belet Weyne,11,3.0,0.0,3.0,0.0,5.0,0.0,8.0,1.0,1.0
2021-01-01,0.3731717928980219,Luuq,55,0.0,0.0,0.0,0.0,5.0,0.0,2.0,0.0,0.0
2021-01-01,0.4008547346761109,Bu'aale,16,0.0,0.0,0.0,0.0,0.0,0.0,0.0,0.0,0.0
2021-01-01,0.4043924756806527,Jilib,48,0.0,0.0,0.0,0.0,0.0,0.0,1.0,0.0,0.0
2021-01-01,0.4710969130686256,Banadir,7,7.0,11.0,18.0,0.0,68.0,3.0,18.0,0.0,0.0
2021-01-01,0.4056724072698737,Badhaadhe,4,0.0,0.0,2.0,0.0,2.0,0.0,0.0,0.0,0.0
2021-01-01,0.4376510659496103,Jamaame,46,0.0,0.0,0.0,0.0,0.0,0.0,0.0,0.0,0.0
2021-01-01,0.3934804082976622,Kismaayo,50,0.0,1.0,4.0,0.0,10.0,0.0,1.0,0.0,0.0
2021-01-01,0.4498858793883663,Waajid,68,0.0,0.0,0.0,0.0,2.0,0.0,1.0,0.0,0.0
2021-01-01,0.4212055712220329,Tayeeglow,67,0.0,0.0,0.0,0.0,0.0,0.0,0.0,0.0,0.0
2021-01-01,0.3273081001778068,Garbahaarey,39,0.0,0.0,0.0,0.0,4.0,0.0,4.0,0.0,0.0
2021-01-01,0.593619466793754,Ceel Barde,28,0.0,0.0,0.0,0.0,1.0,0.0,0.0,0.0,0.0
2021-01-01,0.4587641132763954,Rab Dhuure,62,0.0,0.0,0.0,0.0,0.0,0.0,0.0,0.0,0.0
2021-01-01,0.2867946480511925,Adan Yabaal,0,0.0,0.0,3.0,0.0,0.0,0.0,0.0,0.0,0.0
2021-01-01,0.4248102325025402,Balcad,6,0.0,0.0,8.0,0.0,12.0,0.0,1.0,0.0,0.0
2021-01-01,0.2873604609290601,Cadale,24,0.0,0.0,0.0,0.0,1.0,0.0,0.0,1.0,0.0
2021-01-01,0.4476632959825088,Jowhar,49,0.0,0.0,6.0,0.0,25.0,0.0,1.0,0.0,0.0
2021-01-01,0.4637639420358601,Afgooye,1,0.0,0.0,5.0,0.0,37.0,1.0,2.0,0.0,1.0
2021-01-01,0.4655421778369564,Baraawe,9,0.0,1.0,4.0,0.0,4.0,0.0,0.0,0.0,0.0
2021-01-01,0.4575951234622532,Kurtunwaarey,51,0.0,0.0,0.0,0.0,0.0,0.0,1.0,0.0,0.0
2021-01-01,0.4080728253042081,Jalalaqsi,45,0.0,0.0,0.0,1.0,2.0,0.0,1.0,0.0,0.0
2021-01-01,0.4512228697099891,Qoryooley,61,0.0,0.0,0.0,0.0,3.0,0.0,0.0,0.0,0.0
2021-01-01,0.4486895846702985,Sablaale,64,0.0,0.0,0.0,0.0,0.0,0.0,0.0,0.0,0.0
2021-01-01,0.4482908617511664,Wanla Weyn,69,0.0,0.0,0.0,0.0,4.0,0.0,0.0,0.0,0.0
2021-01-01,0.4253398378500371,Buur Hakaba,21,0.0,0.0,1.0,0.0,5.0,0.0,1.0,0.0,0.0
2021-01-01,0.419636541705207,Diinsoor,34,0.0,0.0,0.0,0.0,4.0,0.0,1.0,0.0,0.0
2021-01-01,0.4305075046172255,Qansax Dheere,59,0.0,0.0,1.0,0.0,4.0,0.0,0.0,0.0,0.0
2021-01-01,0.4460078540314803,Marka,56,0.0,0.0,4.0,0.0,24.0,0.0,0.0,0.0,1.0
