date,district,total population,Under-Five Population,GAM,MAM,SAM,GAM Prevalence,SAM Prevalence,SAM/GAM ratio
2021-07-01,Adan Yabaal,,17190.000000000004,4930.0,,710.0,0.2867946480511925,0.0413030831878999,0.1440162271805274
2021-07-01,Afgooye,,94444.6,43800.0,,8930.0,0.4637639420358601,0.094552785442471,0.2038812785388128
2021-07-01,Afmadow,,46703.8,18290.0,,4150.0,0.3916169562219776,0.0888578659552327,0.2268999453253144
2021-07-01,Baardheere,,34453.399999999994,13330.0,,2230.0,0.3868994061543999,0.0647251069560624,0.1672918229557389
2021-07-01,Badhaadhe,,14272.6,5790.0,,1330.0,0.4056724072698737,0.0931855443296946,0.229706390328152
2021-07-01,Baidoa,,124149.8,56660.0,,10980.0,0.456384142382831,0.0884415440057092,0.1937875044122838
2021-07-01,Baki,,11187.800000000005,3470.0,,640.0,0.3101592806449881,0.0572051699172312,0.1844380403458213
2021-07-01,Balcad,,66924.0,28430.0,,5720.0,0.4248102325025402,0.0854700854700854,0.2011959198030249
2021-07-01,Banadir,,536662.4,252820.0,,48480.0,0.4710969130686256,0.090336121926932,0.1917569812514832
2021-07-01,Bandarbeyla,,8487.2,3520.0,,360.0,0.4147422000188518,0.0424168159110189,0.1022727272727272
2021-07-01,Baraawe,,10954.96872849647,5100.0,,1060.0,0.4655421778369564,0.0967597467661125,0.207843137254902
2021-07-01,Belet Weyne,,57552.2,17680.0,,3020.0,0.3071993772609909,0.0524741017719565,0.170814479638009
2021-07-01,Belet Xaawo,,29314.599988469865,9820.0,,1310.0,0.3349866620681312,0.0446876300722252,0.1334012219959267
2021-07-01,Berbera,,32142.000000000004,8870.0,,1630.0,0.2759629145666106,0.0507124634434696,0.1837655016910936
2021-07-01,Borama,,73034.20000000001,20250.0,,3930.0,0.2772673624137732,0.0538104066314137,0.194074074074074
2021-07-01,Bossaso,,134272.59999999998,57500.0,,8400.0,0.4282333104445733,0.0625593010040767,0.1460869565217391
2021-07-01,Bu'aale,,25271.000000000004,10130.0,,2490.0,0.4008547346761109,0.0985319140516797,0.2458045409674235
2021-07-01,Bulo Burto,,17041.2,5900.0,,1100.0,0.3462197497828791,0.064549444874774,0.1864406779661017
2021-07-01,Burco,,88063.8,12080.0,,910.0,0.1371732766471581,0.0103334173633206,0.0753311258278145
2021-07-01,Burtinle,,22036.6,8930.0,,1150.0,0.405234927348139,0.0521859088970167,0.1287793952967525
2021-07-01,Buuhoodle,,16480.0,3400.0,,380.0,0.2063106796116504,0.0230582524271844,0.1117647058823529
2021-07-01,Buur Hakaba,,34560.60000000001,14700.0,,3560.0,0.4253398378500371,0.103007470935111,0.2421768707482993
2021-07-01,Cabudwaaq,,35884.8,14620.0,,2000.0,0.4074148385946138,0.0557339040485107,0.1367989056087551
2021-07-01,Cadaado,,23026.4,9210.0,,1250.0,0.3999756800889413,0.054285515755828,0.1357220412595005
2021-07-01,Cadale,,13885.0,3990.0,,580.0,0.2873604609290601,0.0417716960749009,0.1453634085213032
2021-07-01,Caluula,,16168.600000000008,5560.0,,870.0,0.3438764024096086,0.0538079982187696,0.1564748201438849
2021-07-01,Caynabo,,16276.000000000004,3540.0,,270.0,0.2174981567952813,0.0165888424674367,0.0762711864406779
2021-07-01,Ceel Afweyn,,15731.000000000004,4090.0,,470.0,0.2599961858750237,0.0298773123132667,0.1149144254278728
2021-07-01,Ceel Barde,,14268.4,8470.0,,1630.0,0.593619466793754,0.114238457009896,0.1924439197166469
2021-07-01,Ceel Buur,,18385.4,6590.0,,810.0,0.3584365855515789,0.0440566971618784,0.1229135053110774
2021-07-01,Ceel Dheer,,17808.0,6000.0,,800.0,0.3369272237196765,0.0449236298292902,0.1333333333333333
2021-07-01,Ceel Waaq,,17519.2,6210.0,,920.0,0.3544682405589296,0.0525138134161377,0.1481481481481481
2021-07-01,Ceerigaabo,,30012.0,6740.0,,720.0,0.2245768359322937,0.0239904038384646,0.1068249258160237
2021-07-01,Dhuusamarreeb,,42409.999999437074,15100.0,,1910.0,0.3560481018674942,0.0450365479845638,0.1264900662251655
2021-07-01,Diinsoor,,29406.400000000005,12340.0,,2880.0,0.419636541705207,0.0979378638663692,0.233387358184765
2021-07-01,Doolow,,17067.0,6000.0,,740.0,0.3515556336790297,0.0433585281537469,0.1233333333333333
2021-07-01,Eyl,,28766.514157815043,10380.0,,1110.0,0.3608362119600107,0.0385865313367641,0.1069364161849711
2021-07-01,Gaalkacyo,,139290.80000000002,52930.0,,8510.0,0.3799963816705769,0.0610952051391764,0.1607783865482713
2021-07-01,Galdogob,,31180.0,14260.0,,2110.0,0.4573444515715202,0.0676715843489416,0.1479663394109397
2021-07-01,Garbahaarey,,25083.4,8210.0,,1000.0,0.3273081001778068,0.0398670036757377,0.1218026796589525
2021-07-01,Garoowe,,56111.40000000001,21120.0,,1970.0,0.3763941017333375,0.0351087301332705,0.0932765151515151
2021-07-01,Gebiley,,35881.0,10320.0,,1890.0,0.2876174019676151,0.0526741172208132,0.1831395348837208
2021-07-01,Hargeysa,,176920.0,47350.0,,8550.0,0.2676350893059009,0.0483269274248247,0.1805702217529039
2021-07-01,Hobyo,,31703.2,9040.0,,1030.0,0.2851447172525171,0.0324888339347447,0.1139380530973451
2021-07-01,Iskushuban,,10180.400000000003,3630.0,,390.0,0.3565675219048366,0.0383089073120898,0.1074380165289256
2021-07-01,Jalalaqsi,,10831.4,4420.0,,840.0,0.4080728253042081,0.0775523016415237,0.1900452488687782
2021-07-01,Jamaame,,74282.92201107787,32510.0,,7740.0,0.4376510659496103,0.1041962242525371,0.2380805905875115
2021-07-01,Jariiban,,32671.59999774996,10890.0,,1430.0,0.3333170092909431,0.0437689002099218,0.1313131313131313
2021-07-01,Jilib,,28586.090729168,11560.0,,2770.0,0.4043924756806527,0.0969002731518518,0.2396193771626297
2021-07-01,Jowhar,,73180.0,32760.0,,6210.0,0.4476632959825088,0.0848592511615195,0.1895604395604395
2021-07-01,Kismaayo,,60740.0,23900.0,,5880.0,0.3934804082976622,0.0968060586104708,0.2460251046025104
2021-07-01,Kurtunwaarey,,12893.494046351409,5900.0,,1120.0,0.4575951234622532,0.086865514962326,0.1898305084745762
2021-07-01,Laas Caanood,,44694.59999999999,9430.0,,820.0,0.2109874570977254,0.0183467353998022,0.0869565217391304
2021-07-01,Laasqoray/Badhan,,26801.6,7220.0,,690.0,0.2693869022744911,0.0257447316578114,0.095567867036011
2021-07-01,Lughaye,,12173.399999592812,3020.0,,410.0,0.2480818834591006,0.0336799908007388,0.1357615894039735
2021-07-01,Luuq,,23903.200000000004,8920.0,,1350.0,0.3731717928980219,0.0564777937681983,0.1513452914798206
2021-07-01,Marka,,49416.17014314811,22040.0,,4040.0,0.4460078540314803,0.0817546157117595,0.1833030852994555
2021-07-01,Owdweyne,,16577.8,3780.0,,470.0,0.2280157801397049,0.0283511684300691,0.1243386243386243
2021-07-01,Qandala,,10898.0,3620.0,,540.0,0.3321710405579005,0.0495503762158194,0.149171270718232
2021-07-01,Qansax Dheere,,23065.8,9930.0,,2430.0,0.4305075046172255,0.1053507790755144,0.2447129909365559
2021-07-01,Qardho,,28511.400000000005,12050.0,,1470.0,0.422637962358916,0.0515583240388055,0.1219917012448132
2021-07-01,Qoryooley,,25309.0008654479,11420.0,,2160.0,0.4512228697099891,0.0853451312236056,0.1891418563922942
2021-07-01,Rab Dhuure,,15127.6,6940.0,,1560.0,0.4587641132763954,0.1031227689785557,0.2247838616714697
2021-07-01,Saakow/Salagle,,18929.00553220557,7790.0,,1710.0,0.4115377316967968,0.0903375508602724,0.2195121951219512
2021-07-01,Sablaale,,12659.085911641385,5680.0,,1030.0,0.4486895846702985,0.0813644845440858,0.1813380281690141
2021-07-01,Sheikh,,24523.2,5500.0,,850.0,0.2242774189339074,0.034661055653422,0.1545454545454545
2021-07-01,Taleex,,15707.400000000003,3750.0,,280.0,0.2387409755911226,0.0178259928441371,0.0746666666666666
2021-07-01,Tayeeglow,,27943.6,11770.0,,2700.0,0.4212055712220329,0.0966231981562862,0.2293967714528462
2021-07-01,Waajid,,15159.4,6820.0,,1490.0,0.4498858793883663,0.098288850482209,0.218475073313783
2021-07-01,Wanla Weyn,,63909.400000000016,28650.0,,5740.0,0.4482908617511664,0.0898146438552075,0.200349040139616
2021-07-01,Xarardheere,,13859.600000000002,3720.0,,360.0,0.268406014603596,0.0259747756067996,0.0967741935483871
2021-07-01,Xudun,,16219.4,3340.0,,240.0,0.2059262364822373,0.0147970948370469,0.0718562874251497
2021-07-01,Xudur,,19450.4,8700.0,,1890.0,0.4472915724098218,0.0971702381442026,0.2172413793103448
2021-07-01,Zeylac,,11246.4,2690.0,,340.0,0.2391876511594821,0.0302318964290795,0.1263940520446096
2021-01-01,Baki,99157.0,19830.0,4515.0,,485.0,0.2276853252647503,0.0244578920827029,0.1074197120708748
2021-01-01,Borama,453434.0,90685.0,17340.0,,2575.0,0.1912113359430997,0.0283949936593703,0.1485005767012687
2021-01-01,Lughaye,99157.0,19830.0,3760.0,,700.0,0.1896116994452849,0.0353000504286434,0.1861702127659574
2021-01-01,Zeylac,72825.0,14565.0,2700.0,,520.0,0.1853759011328527,0.0357020254033642,0.1925925925925926
2021-01-01,Berbera,179997.0,36000.0,7410.0,,1100.0,0.2058333333333333,0.0305555555555555,0.1484480431848853
2021-01-01,Gebiley,97441.0,19490.0,3750.0,,465.0,0.1924063622370446,0.0238583889173935,0.124
2021-01-01,Hargeysa,1044086.0,208815.0,41050.0,,6600.0,0.1965854943370926,0.0316069247898857,0.1607795371498173
2021-01-01,Burco,498249.0,99650.0,14045.0,,2190.0,0.140943301555444,0.0219769192172604,0.1559273762904948
2021-01-01,Buuhoodle,98773.0,19755.0,3750.0,,775.0,0.1898253606681852,0.0392305745380916,0.2066666666666666
2021-01-01,Owdweyne,87386.0,17475.0,3405.0,,550.0,0.1948497854077253,0.0314735336194563,0.1615271659324522
2021-01-01,Sheikh,71387.0,14275.0,2610.0,,270.0,0.1828371278458844,0.0189141856392294,0.1034482758620689
2021-01-01,Caynabo,46901.0,9380.0,2415.0,,560.0,0.2574626865671642,0.0597014925373134,0.2318840579710145
2021-01-01,Laas Caanood,226940.0,45390.0,10470.0,,2435.0,0.2306675479180436,0.0536461775721524,0.2325692454632283
2021-01-01,Taleex,53457.0,10690.0,3030.0,,670.0,0.2834424695977549,0.0626753975678204,0.2211221122112211
2021-01-01,Xudun,33133.0,6625.0,1670.0,,405.0,0.2520754716981132,0.0611320754716981,0.2425149700598802
2021-01-01,Ceel Afweyn,113789.0,22760.0,6870.0,,1380.0,0.3018453427065026,0.0606326889279437,0.2008733624454148
2021-01-01,Ceerigaabo,195781.0,39155.0,10320.0,,1865.0,0.263567871280807,0.0476312092963861,0.1807170542635658
2021-01-01,Laasqoray/Badhan,252497.0,50500.0,16165.0,,3290.0,0.3200990099009901,0.0651485148514851,0.2035261367151253
2021-01-01,Bandarbeyla,15023.0,3005.0,880.0,,115.0,0.2928452579034942,0.038269550748752,0.1306818181818181
2021-01-01,Bossaso,467020.0,93405.0,33840.0,,5260.0,0.3622932391199615,0.056313901825384,0.1554373522458629
2021-01-01,Caluula,51766.0,10355.0,3720.0,,595.0,0.3592467407049734,0.0574601641718976,0.1599462365591397
2021-01-01,Iskushuban,62264.0,12455.0,3680.0,,500.0,0.2954636692091529,0.0401445202729827,0.1358695652173913
2021-01-01,Qandala,52515.0,10505.0,3730.0,,600.0,0.3550690147548786,0.0571156592099,0.1608579088471849
2021-01-01,Qardho,64346.0,12870.0,4555.0,,690.0,0.3539238539238539,0.0536130536130536,0.1514818880351262
2021-01-01,Burtinle,59092.0,11820.0,4470.0,,805.0,0.3781725888324873,0.0681049069373942,0.1800894854586129
2021-01-01,Eyl,68592.0,13720.0,4230.0,,620.0,0.3083090379008746,0.0451895043731778,0.1465721040189125
2021-01-01,Garoowe,209904.0,41980.0,13135.0,,1905.0,0.3128870890900428,0.045378751786565,0.1450323562999619
2021-01-01,Gaalkacyo,377473.0,75495.0,28940.0,,5075.0,0.3833366448109146,0.0672229949003245,0.1753628196268141
2021-01-01,Galdogob,72580.0,14515.0,6560.0,,1330.0,0.4519462624870823,0.0916293489493627,0.2027439024390244
2021-01-01,Hobyo,69851.0,13970.0,3970.0,,565.0,0.2841803865425912,0.0404438081603435,0.1423173803526448
2021-01-01,Jariiban,74373.0,14875.0,5185.0,,850.0,0.3485714285714286,0.0571428571428571,0.1639344262295081
2021-01-01,Xarardheere,33448.0,6690.0,1615.0,,195.0,0.2414050822122571,0.0291479820627802,0.1207430340557275
2021-01-01,Cabudwaaq,111449.0,22290.0,8350.0,,1640.0,0.3746074472857784,0.0735755944369672,0.1964071856287425
2021-01-01,Cadaado,77426.0,15485.0,5355.0,,940.0,0.3458185340652244,0.0607039070067807,0.1755368814192343
2021-01-01,Ceel Buur,66070.0,13215.0,4755.0,,835.0,0.3598183881952327,0.0631857737419599,0.1756046267087276
2021-01-01,Ceel Dheer,72923.0,14585.0,4105.0,,615.0,0.2814535481659239,0.0421666095303393,0.1498172959805115
2021-01-01,Dhuusamarreeb,99941.0,19990.0,6540.0,,1000.0,0.3271635817908954,0.0500250125062531,0.1529051987767584
2021-01-01,Belet Weyne,231851.0,46370.0,11475.0,,1855.0,0.2474660340737546,0.0400043131334914,0.1616557734204793
2021-01-01,Bulo Burto,90880.0,18175.0,3600.0,,505.0,0.1980742778541953,0.0277854195323246,0.1402777777777777
2021-01-01,Jalalaqsi,100263.0,20055.0,3905.0,,545.0,0.1947145350286711,0.0271752680129643,0.1395646606914212
2021-01-01,Adan Yabaal,35879.0,7175.0,1990.0,,260.0,0.2773519163763066,0.0362369337979094,0.1306532663316583
2021-01-01,Balcad,183233.0,36645.0,15515.0,,2610.0,0.4233865465957157,0.0712239050347932,0.1682242990654205
2021-01-01,Cadale,61428.0,12285.0,3390.0,,435.0,0.2759462759462759,0.0354090354090354,0.1283185840707964
2021-01-01,Jowhar,156220.0,31245.0,14390.0,,2530.0,0.4605536885901744,0.0809729556729076,0.1758165392633773
2021-01-01,Afgooye,191431.0,38285.0,18535.0,,3395.0,0.4841321666449001,0.0886770275564842,0.1831669813865659
2021-01-01,Baraawe,56743.0,11350.0,5575.0,,1015.0,0.4911894273127753,0.0894273127753303,0.1820627802690582
2021-01-01,Kurtunwaarey,188548.0,37710.0,17510.0,,2855.0,0.4643330681516839,0.0757093609122248,0.163049685893775
2021-01-01,Marka,180336.0,36065.0,16645.0,,2900.0,0.4615277970331346,0.0804103701649799,0.1742264944427756
2021-01-01,Qoryooley,207773.0,41555.0,19090.0,,3135.0,0.4593911683311274,0.0754421850559499,0.1642221058145626
2021-01-01,Sablaale,20213.0,4045.0,1840.0,,310.0,0.4548825710754017,0.07663782447466,0.1684782608695652
2021-01-01,Wanla Weyn,66459.0,13290.0,6265.0,,1095.0,0.4714070729872084,0.082392776523702,0.174780526735834
2021-01-01,Baydhaba/Bardaale,515337.0,103065.0,48705.0,,7910.0,0.4725658564983263,0.0767476835007034,0.1624063237860589
2021-01-01,Buur Hakaba,129759.0,25950.0,12860.0,,2090.0,0.4955684007707129,0.0805394990366088,0.1625194401244168
2021-01-01,Diinsoor,139564.0,27915.0,13745.0,,2235.0,0.492387605230163,0.0800644814615798,0.1626045834849036
2021-01-01,Qansax Dheere,61939.0,12390.0,6300.0,,1025.0,0.5084745762711864,0.08272800645682,0.1626984126984127
2021-01-01,Ceel Barde,50827.0,10165.0,5975.0,,1280.0,0.58780127889818,0.1259222823413674,0.2142259414225941
2021-01-01,Rab Dhuure,32986.0,6595.0,3345.0,,590.0,0.5072024260803639,0.089461713419257,0.1763826606875934
2021-01-01,Tayeeglow,51734.0,10345.0,4865.0,,800.0,0.4702754954084098,0.0773320444659255,0.1644398766700925
2021-01-01,Waajid,69575.0,13915.0,6865.0,,1165.0,0.4933524973050665,0.0837226015091627,0.1697013838310269
2021-01-01,Xudur,79232.0,15845.0,8425.0,,1650.0,0.5317134742821079,0.1041337961502051,0.1958456973293768
2021-01-01,Baardheere,101133.0,20225.0,4830.0,,705.0,0.2388133498145859,0.0348578491965389,0.1459627329192546
2021-01-01,Belet Xaawo,71052.0,14210.0,5450.0,,675.0,0.3835327234342012,0.0475017593244194,0.1238532110091743
2021-01-01,Ceel Waaq,39782.0,7955.0,2120.0,,300.0,0.2664990571967316,0.0377121307353865,0.1415094339622641
2021-01-01,Doolow,56310.0,11260.0,4100.0,,565.0,0.3641207815275311,0.050177619893428,0.1378048780487805
2021-01-01,Garbahaarey,121988.0,24400.0,8875.0,,1230.0,0.3637295081967213,0.0504098360655737,0.1385915492957746
2021-01-01,Luuq,40676.0,8135.0,2915.0,,370.0,0.3583282114320836,0.0454824830977258,0.1269296740994854
2021-01-01,Bu'aale,78011.0,15600.0,5910.0,,1085.0,0.3788461538461538,0.069551282051282,0.1835871404399323
2021-01-01,Jilib,148588.0,29720.0,9285.0,,1635.0,0.3124158815612382,0.0550134589502018,0.1760904684975767
2021-01-01,Saakow/Salagle,59940.0,11990.0,4925.0,,870.0,0.4107589658048373,0.0725604670558799,0.1766497461928934
2021-01-01,Banadir,2228463.0,445695.0,192530.0,,33880.0,0.4319770246468998,0.076016109671412,0.1759725757024879
2021-01-01,Afmadow/Xagar,164086.0,32815.0,9905.0,,1660.0,0.3018436690537864,0.0505866219716593,0.1675921251892983
2021-01-01,Badhaadhe,45956.0,9190.0,2550.0,,410.0,0.2774755168661588,0.044613710554951,0.1607843137254902
2021-01-01,Jamaame,61242.0,12250.0,3750.0,,675.0,0.3061224489795918,0.0551020408163265,0.18
2021-01-01,Kismaayo,377653.0,75530.0,27985.0,,5945.0,0.3705150271415331,0.0787104461803257,0.2124352331606217
2020-07-01,Baki,99157.0,19831.0,4129.0,3789.0,340.0,0.2082093691694821,0.0171448741868791,0.0823443933155727
2020-07-01,Borama,453434.0,90687.0,12813.0,11350.0,1463.0,0.1412881669919613,0.0161324114812486,0.1141809100132677
2020-07-01,Lughaye,99157.0,19831.0,4803.0,3842.0,961.0,0.2421965609399425,0.0484594826282083,0.2000832812825317
2020-07-01,Zeylac,72825.0,14565.0,3609.0,2860.0,749.0,0.2477857878475798,0.0514246481290765,0.2075367137711277
2020-07-01,Ceel Barde,50827.0,10165.0,4980.0,4319.0,661.0,0.4899163797343827,0.0650270536153467,0.1327309236947791
2020-07-01,Rab Dhuure,32986.0,6597.0,2774.0,2362.0,412.0,0.4204941640139457,0.0624526299833257,0.1485219899062725
2020-07-01,Tayeeglow,51735.0,10347.0,4260.0,3536.0,724.0,0.4117135401565671,0.0699719725524306,0.1699530516431925
2020-07-01,Waajid,69574.0,13915.0,6077.0,5011.0,1066.0,0.4367229608336327,0.0766079770032339,0.1754155010696067
2020-07-01,Xudur,79231.0,15846.0,7083.0,5826.0,1257.0,0.4469897765997728,0.0793260128739114,0.1774671749258788
2020-07-01,Banadir,2228463.0,445693.0,207067.0,169960.0,37107.0,0.464595584853251,0.0832568606641791,0.1792028667049795
2020-07-01,Bandarbeyla,15023.0,3005.0,1023.0,917.0,106.0,0.3404326123128119,0.0352745424292845,0.1036168132942326
2020-07-01,Bossaso,467020.0,93404.0,38793.0,32341.0,6452.0,0.4153248254892724,0.0690762708235193,0.1663186657386642
2020-07-01,Caluula,51766.0,10353.0,4896.0,3923.0,973.0,0.4729064039408867,0.0939824205544286,0.1987336601307189
2020-07-01,Iskushuban,62264.0,12453.0,4660.0,4024.0,636.0,0.3742070183891431,0.0510720308359431,0.1364806866952789
2020-07-01,Qandala,52515.0,10503.0,4558.0,3744.0,814.0,0.4339712463105779,0.0775016661906122,0.1785870996050899
2020-07-01,Qardho,64346.0,12869.0,5145.0,4378.0,767.0,0.3997979640997746,0.0596005905664775,0.1490767735665694
2020-07-01,Baydhaba,515337.0,103068.0,49573.0,39910.0,9663.0,0.4809737260837505,0.0937536383746652,0.1949246565670828
2020-07-01,Buur Hakaba,129760.0,25952.0,10789.0,8783.0,2006.0,0.4157290382244143,0.0772965474722564,0.1859301140050051
2020-07-01,Diinsoor,139564.0,27913.0,12338.0,9983.0,2355.0,0.4420162648228424,0.0843692902948446,0.1908737234559896
2020-07-01,Qansax Dheere,61939.0,12388.0,5258.0,4254.0,1004.0,0.4244430093639005,0.0810461737164998,0.1909471281856219
2020-07-01,Cabudwaaq,111450.0,22290.0,8044.0,6945.0,1099.0,0.3608793180798564,0.0493046209062359,0.1366235703630035
2020-07-01,Cadaado,77426.0,15485.0,5235.0,4560.0,675.0,0.3380690991281885,0.0435905715208266,0.1289398280802292
2020-07-01,Ceel Buur,66069.0,13214.0,4317.0,3828.0,489.0,0.3266989556530952,0.0370062055395792,0.113273106323836
2020-07-01,Ceel Dheer,72923.0,14585.0,4169.0,3704.0,465.0,0.2858416181007885,0.0318820706205005,0.1115375389781722
2020-07-01,Dhuusamarreeb,99941.0,19988.0,6447.0,5700.0,747.0,0.3225435261156694,0.0373724234540724,0.1158678455095393
2020-07-01,Baardheere,101133.0,20227.0,4662.0,4013.0,649.0,0.2304840065259306,0.0320858258763039,0.1392106392106392
2020-07-01,Belet Xaawo,71052.0,14210.0,5009.0,4175.0,834.0,0.3524982406755805,0.0586910626319493,0.1665002994609702
2020-07-01,Ceel Waaq,39783.0,7957.0,1855.0,1624.0,231.0,0.2331280633404549,0.0290310418499434,0.1245283018867924
2020-07-01,Doolow,56311.0,11263.0,4232.0,3454.0,778.0,0.3757435851904466,0.0690757347065613,0.1838374291115312
2020-07-01,Garbahaarey,121988.0,24398.0,8775.0,7176.0,1599.0,0.3596606279203213,0.0655381588654807,0.1822222222222222
2020-07-01,Luuq,40676.0,8135.0,2490.0,2127.0,363.0,0.3060848186846958,0.0446220036877689,0.1457831325301204
2020-07-01,Belet Weyne,231850.0,46370.0,21450.0,18400.0,3050.0,0.4625835669613974,0.0657752857450938,0.1421911421911421
2020-07-01,Bulo Burto,90880.0,18176.0,8281.0,7015.0,1266.0,0.4556007922535211,0.0696522887323943,0.152880086946021
2020-07-01,Jalalaqsi,100263.0,20053.0,9113.0,7676.0,1437.0,0.4544457188450606,0.0716601007330574,0.1576868210249094
2020-07-01,Afmadow/Xagar,164086.0,32817.0,9126.0,7313.0,1813.0,0.2780875765609288,0.0552457567724045,0.1986631602016217
2020-07-01,Badhaadhe,45955.0,9191.0,2426.0,1894.0,532.0,0.2639538679142639,0.0578827113480578,0.2192910140148392
2020-07-01,Jamaame,61242.0,12248.0,4695.0,3731.0,964.0,0.3833278902677988,0.0787067276290006,0.2053248136315228
2020-07-01,Kismaayo,377653.0,75531.0,27337.0,20152.0,7185.0,0.3619308628245356,0.0951265043492076,0.2628305958956725
2020-07-01,Afgooye,191431.0,38286.0,17544.0,14278.0,3266.0,0.4582353863030873,0.085305333542287,0.1861605107159142
2020-07-01,Baraawe,56744.0,11349.0,5113.0,4156.0,957.0,0.4505242752665433,0.0843246100978059,0.1871699589282222
2020-07-01,Kurtunwaarey,188547.0,37709.0,18310.0,15439.0,2871.0,0.4855604762788724,0.0761356705295818,0.156799563080284
2020-07-01,Marka,180336.0,36067.0,17691.0,14514.0,3177.0,0.4905037846230626,0.0880860620511825,0.1795828387315584
2020-07-01,Qoryooley,207773.0,41555.0,19952.0,16773.0,3179.0,0.4801347611599085,0.0765010227409457,0.159332397754611
2020-07-01,Sablaale,20212.0,4042.0,1994.0,1656.0,338.0,0.4933201385452746,0.0836219693221177,0.1695085255767301
2020-07-01,Wanla Weyn,66459.0,13292.0,5702.0,4803.0,899.0,0.4289798374962383,0.0676346674691543,0.1576639775517362
2020-07-01,Bu'aale,78010.0,15602.0,6425.0,5230.0,1195.0,0.4118061786950391,0.0765927445199333,0.1859922178988327
2020-07-01,Jilib,148587.0,29717.0,11536.0,9436.0,2100.0,0.3881953090823434,0.0706666217989702,0.1820388349514563
2020-07-01,Saakow/Salagle,59941.0,11988.0,5051.0,4012.0,1039.0,0.421338004671338,0.08667000333667,0.2057018412195604
2020-07-01,Adan Yabaal,35878.0,7176.0,2074.0,1858.0,216.0,0.2890189520624303,0.0301003344481605,0.1041465766634522
2020-07-01,Balcad,183234.0,36647.0,14631.0,12347.0,2284.0,0.3992414113024258,0.0623243375992577,0.1561068963160412
2020-07-01,Cadale,61427.0,12285.0,3569.0,3187.0,382.0,0.2905168905168905,0.031094831094831,0.1070327822919585
2020-07-01,Jowhar,156220.0,31244.0,14385.0,11875.0,2510.0,0.4604083984124952,0.080335424401485,0.1744873131734445
2020-07-01,Gaalkacyo,377473.0,75495.0,33002.0,28690.0,4312.0,0.4371415325518246,0.0571163653222067,0.1306587479546694
2020-07-01,Galdogob,72579.0,14516.0,6012.0,5307.0,705.0,0.4141636814549462,0.0485670983742077,0.1172654690618762
2020-07-01,Hobyo,69851.0,13970.0,4276.0,3902.0,374.0,0.306084466714388,0.026771653543307,0.0874649204864359
2020-07-01,Jariiban,74373.0,14875.0,5225.0,4721.0,504.0,0.3512605042016806,0.0338823529411764,0.0964593301435406
2020-07-01,Xarardheere,33447.0,6689.0,2626.0,2388.0,238.0,0.3925848407833757,0.0355808043055763,0.0906321401370906
2020-07-01,Burtinle,59092.0,11818.0,4913.0,4244.0,669.0,0.415721780335082,0.0566085632086647,0.1361693466313861
2020-07-01,Eyl,68592.0,13718.0,4741.0,4203.0,538.0,0.345604315497886,0.0392185449774019,0.1134781691626239
2020-07-01,Garoowe,209904.0,41981.0,15793.0,13914.0,1879.0,0.3761939925204259,0.0447583430599556,0.1189767618565187
2020-07-01,Ceel Afweyn,113789.0,22758.0,6566.0,5185.0,1381.0,0.2885139291677652,0.0606819579927937,0.2103259214133414
2020-07-01,Ceerigaabo,195781.0,39156.0,9845.0,7774.0,2071.0,0.2514301767289815,0.0528910001021554,0.2103605891315388
2020-07-01,Laasqoray/Badhan,252497.0,50499.0,14277.0,11031.0,3246.0,0.2827184696726668,0.0642785005643676,0.2273586888001681
2020-07-01,Caynabo,46901.0,9380.0,1819.0,1431.0,388.0,0.1939232409381663,0.04136460554371,0.2133040131940626
2020-07-01,Laas Caanood,226941.0,45388.0,8234.0,6549.0,1685.0,0.1814135894950207,0.0371243500484709,0.204639300461501
2020-07-01,Taleex,53457.0,10691.0,2351.0,1815.0,536.0,0.2199045926480217,0.0501356280984005,0.2279880901743938
2020-07-01,Xudun,33133.0,6627.0,1340.0,1058.0,282.0,0.2022031084955485,0.0425531914893617,0.2104477611940298
2020-07-01,Burco,498248.0,99650.0,9087.0,7778.0,1309.0,0.0911891620672353,0.0131359759157049,0.1440519423352041
2020-07-01,Buuhoodle,98774.0,19755.0,2668.0,2290.0,378.0,0.1350544166033915,0.019134396355353,0.1416791604197901
2020-07-01,Owdweyne,87385.0,17477.0,2310.0,1948.0,362.0,0.132173714024146,0.0207129370029181,0.1567099567099567
2020-07-01,Sheikh,71386.0,14277.0,2078.0,1909.0,169.0,0.1455487847587028,0.0118372207046298,0.0813282001924927
2020-07-01,Berbera,179997.0,35999.0,6512.0,5700.0,812.0,0.1808939137198255,0.0225561821161698,0.1246928746928747
2020-07-01,Gebiley,97441.0,19488.0,3266.0,2852.0,414.0,0.1675903119868637,0.021243842364532,0.1267605633802817
2020-07-01,Hargeysa,1044086.0,208817.0,26684.0,23626.0,3058.0,0.1277865307901176,0.0146444015573444,0.1146005096687153
2020-01-01,Baki,99156.511924614,19831.3023849228,4842.65394907325,4139.346820237769,703.307128835481,0.2441924314943121,0.0354644952300352,0.1452317543709838
2020-01-01,Borama,453433.5705113778,90686.71410227555,19395.284951249945,16949.293222411277,2445.991728838668,0.2138712946350238,0.0269718861583197,0.1261126987815167
2020-01-01,Lughaye,99156.511924614,19831.3023849228,6115.976939515616,5401.579456099157,714.3974834164592,0.3084001655970627,0.0360237300380027,0.116808400437337
2020-01-01,Zeylac,72825.10892154372,14565.021784308745,4567.819764297334,4079.369410722656,488.4503535746777,0.3136157179811676,0.0335358477871208,0.1069329305399631
2020-01-01,Ceel Barde,50826.922426099656,10165.38448521993,6443.404302457095,4915.817823524978,1527.5864789321174,0.6338574120659726,0.1502733596700811,0.2370775458478673
2020-01-01,Rab Dhuure,32985.89249446174,6597.178498892347,3218.9452906025062,2615.869563433672,603.0757271688337,0.4879275725437716,0.0914141897585595,0.1873519655427113
2020-01-01,Tayeeglow,51734.09343957278,10346.818687914558,5364.947207226323,4434.854646695194,930.09256053113,0.5185117637649114,0.0898916457884306,0.1733647181613158
2020-01-01,Waajid,69575.12337121068,13915.02467424214,7392.137144588551,6083.895166794488,1308.2419777940609,0.5312342103332384,0.0940165043484058,0.1769775035561624
2020-01-01,Xudur,79231.76914493041,15846.353828986084,8708.355724479083,7133.23521820422,1575.1205062748636,0.549549493748511,0.0993995541986232,0.1808746169896596
2020-01-01,Banadir,2228463.313873727,445692.6627747454,201114.12244444448,162060.76659259267,39053.355851851855,0.4512394733904072,0.0876239595435959,0.1941850496483155
2020-01-01,Bandarbeyla,15022.505537564746,3004.501107512949,974.5186383476268,850.3493217797992,124.1693165678275,0.3243528970286548,0.0413277652843375,0.1274160510448177
2020-01-01,Bossaso,467020.202029273,93404.0404058546,40007.212576281934,33278.36729495788,6728.845281324061,0.4283242181220916,0.0720401949646526,0.1681908048078616
2020-01-01,Caluula,51765.54720916555,10353.109441833109,5092.677221486387,4131.67549080206,961.0017306843268,0.4918983277534718,0.0928225221691632,0.1887026585210993
2020-01-01,Iskushuban,62263.5591153372,12452.711823067442,4213.873022992331,3616.002063366148,597.8709596261839,0.3383899894950222,0.0480113061412604,0.1418815793366329
2020-01-01,Qandala,52515.40520246352,10503.081040492703,4417.144091746083,3637.1302199967695,780.0138717493137,0.4205569846330418,0.0742652435739678,0.1765878258775517
2020-01-01,Qardho,64346.45962826008,12869.291925652014,5102.093958075547,4312.473724292171,789.6202337833749,0.3964549089065016,0.0613569292191939,0.154763953833812
2020-01-01,Baidoa,515337.07436101953,103067.41487220392,63681.0,51750.0,11931.0,0.6178577398003026,0.1157591855271966,0.187355726197767
2020-01-01,Buur Hakaba,129759.02384671407,25951.804769342816,16120.544687521671,13076.011974118552,3044.5327134031213,0.6211723936273237,0.1173148742626048,0.1888604121273758
2020-01-01,Diinsoor,139564.3460664642,27912.86921329284,17619.561889201424,14286.84323991234,3332.718649289084,0.631234351243638,0.1193972079266561,0.1891487807839093
2020-01-01,Qansax Dheere,61938.87849344224,12387.77569868845,8027.29025701821,6520.818903641884,1506.471353376328,0.6480009367515506,0.121609511668493,0.1876687281937051
2020-01-01,Cabudwaaq,111449.17451697268,22289.83490339453,9489.699484739736,7550.36745759545,1939.3320271442865,0.4257411293474653,0.0870052216873506,0.204361795677819
2020-01-01,Cadaado,77426.3080988209,15485.261619764182,6947.568231844504,5418.244625860876,1529.323605983628,0.4486568197838627,0.0987599462983381,0.2201235820864489
2020-01-01,Ceel Buur,66069.73342448812,13213.946684897626,5455.897287283129,4496.853628377562,959.0436589055672,0.4128893068350834,0.0725781389750625,0.1757811059128537
2020-01-01,Ceel Dheer,72923.28166112433,14584.656332224864,5438.550748334573,4452.925248635075,985.6254996994973,0.3728953651323323,0.0675796177330386,0.1812294387436436
2020-01-01,Dhuusamarreeb,99941.44028730367,19988.28805746074,8386.133729923802,6729.8858379922085,1656.247891931595,0.4195523751616953,0.0828609177119293,0.1974983878472737
2020-01-01,Baardheere,101132.70882160284,20226.54176432057,5025.017762331383,4396.203188909247,628.8145734221365,0.2484368223141074,0.0310885855204056,0.1251367862091685
2020-01-01,Belet Xaawo,71051.67497693517,14210.334995387037,5799.865889512799,4997.34612419011,802.5197653226904,0.4081442057063084,0.0564743734460309,0.1383686762091845
2020-01-01,Ceel Waaq,39782.22182364527,7956.444364729054,2306.5199043648145,2003.128524459568,303.3913799052467,0.2898932988948713,0.0381315278530924,0.1315364239134094
2020-01-01,Doolow,56310.36134752707,11262.072269505416,4799.090674837669,3875.819656854842,923.2710179828272,0.4261285631981143,0.0819805623590953,0.1923845746077838
2020-01-01,Garbahaarey,121987.57856052738,24397.515712105484,9876.939894595913,7899.972829281591,1976.9670653143216,0.4048338368195087,0.0810314906092424,0.2001598760761927
2020-01-01,Luuq,40675.63477088211,8135.126954176423,3115.424832758268,2802.0106951134253,313.4141376448427,0.3829595838278671,0.0385260290847632,0.1006007701900991
2020-01-01,Belet Weyne,231850.5809215716,46370.11618431432,22976.0,19019.0,3957.0,0.4954915340016362,0.0853351323139134,0.1722231894150417
2020-01-01,Bulo Burto,90880.01596748602,18176.003193497203,8721.097897440512,7265.965390756728,1455.1325066837824,0.4798138405125635,0.0800578923315981,0.1668519862746682
2020-01-01,Jalalaqsi,100262.70714634696,20052.54142926939,9494.963697642625,7923.032082008362,1571.9316156342609,0.4735042553650304,0.0783906429605882,0.1655542523058339
2020-01-01,Afmadow,164086.06642208935,32817.21328441787,11434.48950737686,9397.96243715157,2036.5270702252908,0.3484296307635035,0.0620566728983129,0.1781038907693643
2020-01-01,Badhaadhe,45955.77503381839,9191.155006763678,3207.317818840169,2788.187319096605,419.1304997435648,0.3489569935965541,0.0456015048636576,0.1306794410212614
2020-01-01,Jamaame,61241.84415452506,12248.368830905012,5393.976855061052,4450.358172697147,943.6186823639056,0.4403832811966767,0.0770403549559164,0.1749393272754829
2020-01-01,Kismaayo,377653.3312260424,75530.66624520847,28472.616313384984,23699.80583745609,4772.810475928896,0.3769676308818636,0.0631903664193042,0.1676280965330606
2020-01-01,Afgooye,191430.83595608792,38286.16719121759,17199.00918909231,14577.63437615681,2621.3748129355013,0.4492225378213771,0.068467935164239,0.1524142922487645
2020-01-01,Baraawe,56743.49512043875,11348.69902408775,5055.653197531256,4331.442417260116,724.21078027114,0.4454830625784129,0.0638144318334633,0.1432477173522863
2020-01-01,Kurtunwaarey,188546.8622552998,37709.37245105997,16790.544379312894,14570.121418279858,2220.422961033034,0.4452618351340643,0.0588825222141987,0.1322424640244986
2020-01-01,Marka,180335.6358725136,36067.12717450272,16724.822974740637,13957.83143733717,2766.9915374034663,0.4637137550163429,0.076717824627839,0.1654422017848817
2020-01-01,Qoryooley,207773.35359388735,41554.67071877749,18464.364663337343,15881.85367210333,2582.510991234012,0.4443390921876267,0.0621473097142613,0.1398646007225918
2020-01-01,Sablaale,20213.16157712225,4042.6323154244487,1854.6646560057968,1555.151123269047,299.5135327367498,0.4587764880148566,0.0740887395556533,0.1614920151558728
2020-01-01,Wanla Weyn,66458.64225526834,13291.728451053668,5512.131610110005,4809.055375183537,703.0762349264677,0.4147038987749591,0.0528957717963861,0.1275506981068684
2020-01-01,Bu'aale,78010.51320069526,15602.102640139055,6232.544170095744,5191.342479908745,1041.2016901869972,0.3994682200116711,0.0667347032770012,0.1670588545818525
2020-01-01,Jilib,148587.5543244151,29717.510864883017,11617.451061902317,9651.578610221328,1965.8724516809864,0.3909294797509632,0.0661519889946114,0.169217192412178
2020-01-01,Saakow,59940.06305790711,11988.01261158142,4893.714229172101,4111.610206524517,782.1040226475845,0.4082173073829072,0.065240507162297,0.1598180821400145
2020-01-01,Adan Yabaal,35879.125006250986,7175.825001250198,2243.2433449312334,2009.4715911163212,233.77175381491176,0.3126112111904077,0.0325776832314309,0.1042114999886818
2020-01-01,Balcad,183232.62183404109,36646.52436680822,14289.41106820383,12563.641562524052,1725.769505679777,0.3899254108022901,0.047092310539628,0.120772612492049
2020-01-01,Cadale,61428.001628669226,12285.600325733843,3788.4144993520094,3376.92381658403,411.4906827679801,0.3083621800244197,0.0334937383487933,0.1086181786175624
2020-01-01,Jowhar,156219.50041752722,31243.90008350544,13941.26663878177,11754.298841559808,2186.967797221964,0.4462076309782391,0.0699966326667562,0.1568700932193825
2020-01-01,Gaalkacyo,377472.8691812072,75494.57383624143,36072.53523808857,29294.76980912758,6777.765428960982,0.4778162642037701,0.0897781798684356,0.1878926830128762
2020-01-01,Galdogob,72579.72676632993,14515.945353265986,6745.420650296242,5541.018845791563,1204.4018045046769,0.4646904136201208,0.0829709519562013,0.1785510299423332
2020-01-01,Hobyo,69851.37649863526,13970.27529972705,5178.476798949392,4445.740890197681,732.7359087517107,0.3706782212839118,0.0524496398983652,0.1414964162628608
2020-01-01,Jariiban,74372.89046628447,14874.578093256898,6085.063625281082,5067.530013459985,1017.5336118210964,0.4090915108402051,0.0684075612391571,0.1672182370606017
2020-01-01,Xarardheere,33447.63645086472,6689.527290172944,2650.91335944573,2207.7022023441323,443.2111571015984,0.3962781291497199,0.0662544807542208,0.167191868237545
2020-01-01,Burtinle,59091.89022487178,11818.378044974355,4263.526577290726,3622.372802084545,641.1537752061803,0.3607539512669208,0.0542505725207211,0.1503810902976952
2020-01-01,Eyl,68592.70274749439,13718.54054949888,4499.324024304887,3906.301210165071,593.0228141398163,0.3279739567099389,0.0432278354975215,0.1318026465612096
2020-01-01,Garoowe,209903.80300784105,41980.7606015682,12308.901217810397,10849.755947579906,1459.1452702304905,0.2932033874905685,0.0347574757894211,0.1185439093555464
2020-01-01,Ceel Afweyn,113788.8006486762,22757.76012973524,9142.0183898774,7712.851660229506,1429.1667296478934,0.4017099370835031,0.0627990945286635,0.1563294525014688
2020-01-01,Ceerigaabo,195780.6408246796,39156.12816493592,15503.278570567762,13019.25407873844,2484.0244918293224,0.3959349225046938,0.0634389713243852,0.1602257535735134
2020-01-01,Laasqoray,252496.8009464263,50499.36018928528,21031.839125864844,17894.245643198698,3137.593482666145,0.4164773384659096,0.0621313511875317,0.1491830297811449
2020-01-01,Caynabo,46900.80320994161,9380.160641988325,3424.382590485641,2903.173483390616,521.209107095025,0.3650665187072713,0.0555650512808854,0.1522052788561537
2020-01-01,Laas Caanood,226940.32672941327,45388.06534588266,17073.538257176588,14267.25885165673,2806.2794055198574,0.3761680108430838,0.0618285750699974,0.1643642555660823
2020-01-01,Taleex,53456.811257261375,10691.362251452278,4033.353613282164,3455.7377361100293,577.6158771721342,0.3772534798111706,0.0540264059515589,0.1432098279878059
2020-01-01,Xudun,33133.18631057008,6626.637262114017,2365.599073385023,1998.1069315436769,367.4921418413466,0.3569833355614147,0.0554568067189043,0.1553484468166824
2020-01-01,Burco,498248.650657556,99649.73013151115,17925.891661197802,15596.525361795242,2329.366299402562,0.1798890136234226,0.0233755404688845,0.1299442361600725
2020-01-01,Buuhoodle,98772.9922216596,19754.59844433192,4505.501434327628,3912.150633277243,593.3508010503851,0.2280735519390103,0.0300360851536636,0.1316947313632213
2020-01-01,Owdweyne,87385.56574216185,17477.113148432367,3781.257288501109,3295.637255813761,485.6200326873478,0.2163547982087805,0.0277860553149137,0.1284281908465022
2020-01-01,Sheikh,71386.5516097911,14277.310321958215,2971.681787880172,2548.7837664318413,422.89802144833055,0.2081401693223537,0.029620286448346,0.142309322341677
2020-01-01,Berbera,179997.20297721773,35999.440595443564,8367.822959530342,7299.268275004715,1068.554684525626,0.2324431385911439,0.0296825358075389,0.1276980511769336
2020-01-01,Gebiley,97440.90188899483,19488.180377798966,5198.8964443015975,4466.403854035565,732.4925902660333,0.2667717736348647,0.0375865050541348,0.1408938604785835
2020-01-01,Hargeysa,1044086.4877006176,208817.2975401236,42388.72440511052,36791.10751590973,5597.6168892007845,0.2029943156263941,0.0268062893023755,0.1320543839843861
2019-07-01,Adan Yabaal,37859.154953401936,7571.830990680386,2579.1373847191235,2186.0888164383928,393.0485682807308,0.3406226826633605,0.051909316090719,0.1523953592427706
2019-07-01,Afgooye,262835.8188681545,52567.163773630906,24294.39475301716,20573.68392011401,3720.7108329031457,0.462159131461528,0.0707801328016398,0.1531509992625383
2019-07-01,Afmadow/Xagar,180756.29518407176,36151.25903681436,18505.894887125287,15321.371832055058,3184.523055070229,0.5119018086833421,0.0880888560984084,0.1720815488520757
2019-07-01,Baardheere,122284.68350495162,24456.936700990333,12751.763225028431,10709.087930431608,2042.6752945968256,0.5213965829380455,0.0835213060233382,0.1601876743278592
2019-07-01,Badhaadhe,41293.78545781948,8258.757091563897,3983.6830379518574,3231.1729757905773,752.5100621612793,0.4823586641167936,0.0911166237023666,0.1888980762255045
2019-07-01,Badhan,26612.36163714786,5322.472327429572,1394.9135475727426,1151.3572138695654,243.55633370317727,0.26208,0.04576,0.1746031746031746
2019-07-01,Baki,99262.17263864214,19852.434527728423,6313.600712160982,5297.134422325144,1016.4662898358372,0.3180265223059977,0.0512010901441892,0.1609962897840473
2019-07-01,Balcad,211434.1247319937,42286.82494639875,17793.843221530322,15061.510675556545,2732.3325459737803,0.4207892941616012,0.0646142752367241,0.1535549409959784
2019-07-01,Banadir,1650228.0,330045.6,149712.73673047946,120043.12727800416,29669.609452475303,0.4536122788198948,0.0898954855101092,0.1981769226882016
2019-07-01,Bandarbeyla,14286.58526534636,2857.3170530692723,1066.0478683646515,957.351428869048,108.6964394956036,0.3730940069179668,0.038041434491438,0.1019620626063884
2019-07-01,Baraawe,71451.00452711528,14290.200905423058,6688.379837256923,5649.618984845121,1038.760852411802,0.4680395945111392,0.072690430266631,0.1553082925442561
2019-07-01,Baydhaba,271288.5935653316,54257.71871306632,31129.575504776152,24135.10405478076,6994.471449995394,0.5737354286751378,0.1289120076534104,0.2246889440854163
2019-07-01,Baydhaba/Bardaale,178680.20288903484,35736.04057780696,19621.527870050533,16158.905304747495,3462.622565303036,0.5490683229813665,0.0968944099378882,0.1764705882352941
2019-07-01,Belet Weyne,222898.05826843024,44579.61165368607,26159.55960422297,20321.792854664483,5837.766749558487,0.5868054618205713,0.1309514940351839,0.2231599781448954
2019-07-01,Belet Weyne (Mataban),34312.847078664454,6862.569415732891,4624.722786644512,3687.278978540896,937.4438081036174,0.6739054290718038,0.1366024518388791,0.2027027027027027
2019-07-01,Belet Xaawo,80263.42747402092,16052.685494804184,8302.697962832755,7029.207444114493,1273.4905187182617,0.5172155129757019,0.0793319297964478,0.1533827346748099
2019-07-01,Berbera,178810.11668822702,35762.02333764541,8691.339517864679,7451.932622084179,1239.4068957805002,0.2430326560610348,0.0346570685914133,0.1426025175098673
2019-07-01,Borama,397759.659833392,79551.93196667841,21768.018785287448,17812.339136659182,3955.679648628264,0.2736328112610178,0.0497244950667591,0.1817197829368755
2019-07-01,Bossaso,474784.6404434893,94956.92808869788,29259.869070685687,24040.461532093952,5219.407538591745,0.3081383281834315,0.0549660529636802,0.1783810968525783
2019-07-01,Bu'aale,102232.682999872,20446.536599974403,10558.078704045383,8698.70827153107,1859.3704325143144,0.5163749201445982,0.0909381607698118,0.1761087868952792
2019-07-01,Bulo Burto,126308.10395590446,25261.6207911809,14900.44493976426,11596.679294324029,3303.765645440233,0.5898451672177014,0.1307820140580058,0.2217226169282769
2019-07-01,Burco,440966.7506063085,88193.3501212617,26443.3611058076,22403.50354224395,4039.85756356365,0.2998339565222233,0.0458068273629365,0.1527739816205285
2019-07-01,Burtinle,61401.072470727006,12280.2144941454,4725.951889772516,3894.431027770509,831.5208620020064,0.3848427803948877,0.0677122425181119,0.1759478050975317
2019-07-01,Buuhoodle,114678.62295159738,22935.72459031948,7159.122747020332,5877.587789740869,1281.534957279463,0.3121385033565494,0.055875058676819,0.1790072614431489
2019-07-01,Buur Hakaba,128204.6513460276,25640.93026920552,14078.622582594831,11594.159773901623,2484.4628086932057,0.5490683229813665,0.0968944099378882,0.1764705882352941
2019-07-01,Cabudwaaq,148952.26299964866,29790.452599929733,11107.47532784844,9349.830834344515,1757.6444935039258,0.3728535271691253,0.0590002614968015,0.1582397837154942
2019-07-01,Cadaado,108059.64692015851,21611.929384031704,7607.635379153548,6359.459812236076,1248.1755669174718,0.3520109308137275,0.0577540091279265,0.164068794666175
2019-07-01,Cadale,83698.7844852664,16739.75689705328,5639.347915408351,4784.126085606872,855.2218298014787,0.3368835013608263,0.0510892622312827,0.1516526099524312
2019-07-01,Caluula,49878.02246678231,9975.60449335646,4699.08980070029,4106.39306087034,592.6967398299503,0.4710581502935269,0.0594146189561418,0.1261301156112451
2019-07-01,Caynabo,38882.923681135246,7776.58473622705,2907.3866452437915,2240.96986815508,666.4167770887115,0.3738642018133994,0.0856953019471675,0.2292150506293705
2019-07-01,Ceel Afweyn,119189.63988343433,23837.927976686864,9588.80607025716,7964.263299098434,1624.5427711587265,0.4022499807716035,0.0681494957425622,0.169420755749538
2019-07-01,Ceel Barde,62204.20387382111,12440.840774764223,6585.993746276357,4670.084009151608,1915.9097371247503,0.5293849399339471,0.1540016283313504,0.2909067045816712
2019-07-01,Ceel Buur,75284.97791694281,15056.99558338856,5687.729007743721,4833.000331593511,854.7286761502089,0.3777466079633201,0.0567662168336675,0.150275914163019
2019-07-01,Ceel Dheer,103004.37800500816,20600.87560100164,6222.469523520476,5289.278168582031,933.1913549384456,0.302048788800896,0.0452986257969089,0.1499712214597517
2019-07-01,Ceel Waaq,42841.35404644698,8568.270809289395,4193.552189994321,3530.404776794169,663.1474132001529,0.4894280635303719,0.0773957112187903,0.1581350089745874
2019-07-01,Ceerigaabo,186214.57602082423,37242.91520416485,14782.179011373686,12247.84351271648,2534.335498657204,0.3969125115565767,0.0680487949121069,0.1714453259365374
2019-07-01,Dhuusamarreeb,134132.73415617252,26826.546831234504,9390.614118664593,8021.265736116783,1369.3483825478097,0.350049306671516,0.0510445265714728,0.1458209617863139
2019-07-01,Diinsoor,144645.3749179251,28929.07498358503,15948.15039524014,13061.868540845817,2886.2818543943213,0.5512844916157692,0.0997709693805301,0.1809790968146223
2019-07-01,Doolow,70367.24202467134,14073.448404934268,7804.917306538971,6471.213779983485,1333.7035265554869,0.5545845681860391,0.0947673582323916,0.1708799048310362
2019-07-01,Eyl,92352.216683081,18470.4433366162,7202.513382900631,6224.032055799217,978.481327101413,0.389948051145162,0.0529755192806688,0.1358527607077287
2019-07-01,Gaalkacyo,420293.0224489165,84058.6044897833,30281.457496816016,24930.81554029529,5350.641956520717,0.3602422105460542,0.0636537090878191,0.1766969756024232
2019-07-01,Galdogob,96228.94625799869,19245.78925159974,7401.157603912705,6134.918883316645,1266.2387205960608,0.3845598383707495,0.0657930264143783,0.1710865770412252
2019-07-01,Garbahaarey,150445.26937163374,30089.053874326764,16713.415211544372,14281.874309062418,2431.5409024819564,0.5554649634831142,0.0808114775771214,0.1454843831560189
2019-07-01,Garoowe,238943.83260569465,47788.76652113893,17742.020361475395,15308.36355991478,2433.656801560615,0.3712592237262992,0.0509252901617393,0.1371690907786917
2019-07-01,Gebiley,103448.69292549856,20689.73858509972,5004.831828012381,3988.626971885372,1016.204856127009,0.2418992297764819,0.0491163700279353,0.2030447557576744
2019-07-01,Hargeysa,959744.1903862744,191948.83807725488,42495.68148268473,36215.43492183852,6280.2465608462135,0.2213906679944643,0.0327183359053132,0.147785524122143
2019-07-01,Hobyo,90079.84358712788,18015.968717425578,6283.221063520274,5306.96794566137,976.2531178589028,0.3487584354785739,0.0541882112014682,0.1553746252104556
2019-07-01,Iskushuban,60361.40289872798,12072.280579745591,5305.291110872536,4768.783555539447,536.507555333089,0.4394605539382136,0.0444412761771972,0.1011268833549177
2019-07-01,Jalalaqsi,137166.99069700082,27433.398139400168,16243.44515667048,12659.10625230244,3584.3389043680395,0.5921047430628529,0.1306560305126826,0.2206637120263928
2019-07-01,Jamaame,72274.03765624086,14454.807531248174,7699.7874641768,6336.250901363397,1363.5365628134027,0.532680040708361,0.0943310078578169,0.177087558475769
2019-07-01,Jariiban,77164.65979907343,15432.931959814685,5403.2348709829685,4541.062372244568,862.1724987383993,0.3501107168133883,0.0558657616701338,0.1595659858076003
2019-07-01,Jilib,177363.81212203606,35472.762424407214,18138.385889800127,14982.442167364832,3155.9437224352973,0.5113327705575001,0.0889680844326867,0.1739925339337938
2019-07-01,Jowhar,183042.93582933792,36608.58716586759,16866.52298871456,14326.6116946074,2539.911294107165,0.4607258650079849,0.0693802053217524,0.1505889089177791
2019-07-01,Kismaayo,194982.61424177085,38996.52284835418,16067.704592117518,12773.088600500503,3294.615991617013,0.412029161025459,0.0844848655976018,0.2050458404141487
2019-07-01,Kurtunwaarey,257277.9921167836,51455.59842335672,23959.76577839094,20360.428856500854,3599.336921890093,0.4656396293608185,0.0699503461659534,0.1502242115044503
2019-07-01,Laas Caanood,220788.33591955536,44157.667183911086,14863.813666149086,11299.751597518532,3564.062068630556,0.3366077651757097,0.0807121910173988,0.2397811321294592
2019-07-01,Laasqoray,53800.5744763104,10760.11489526208,3936.020484399859,3356.665510026657,579.3549743732023,0.3657972542777379,0.0538428241717293,0.1471930790679151
2019-07-01,Laasqoray/Badhan,158305.84798228322,31661.169596456635,15142.59638384561,12065.22088613808,3077.375497707528,0.4782702779729368,0.0971971514928473,0.2032264097714792
2019-07-01,Lughaye,99442.45554944112,19888.491109888237,5288.7066558071365,4370.203954598135,918.5027012090015,0.2659179435275348,0.0461826237161016,0.1736724611489771
2019-07-01,Luuq,42201.02354780796,8440.20470956159,4223.595267332703,3547.369741938138,676.2255253945649,0.500413842160481,0.0801195644731808,0.1601066112145771
2019-07-01,Marka,197917.20494918805,39583.44098983761,17969.257712565297,15318.861898404482,2650.395814160815,0.4539589601919299,0.066957185830339,0.1474961212397484
2019-07-01,Owdweyne,99751.78651328415,19950.35730265683,6605.211881631161,5443.847283741411,1161.3645978897505,0.3310823852137992,0.0582127217207828,0.1758254873124449
2019-07-01,Qandala,50358.19680656703,10071.639361313406,4695.519330953226,4155.6118342627615,539.9074966904641,0.4662120199606611,0.0536067145895161,0.1149835531783145
2019-07-01,Qansax Dheere,69363.1772816809,13872.635456336178,7617.024685342349,6272.843858517228,1344.1808268251204,0.5490683229813664,0.0968944099378882,0.1764705882352941
2019-07-01,Qardho,80478.15211908707,16095.630423817414,5554.153465290461,4809.605836190479,744.5476290999827,0.3450721294564353,0.0462577488110215,0.1340524048809381
2019-07-01,Qoryooley,282277.1749967973,56455.434999359466,26235.239230020263,22301.993019441867,3933.2462105784016,0.4647070601850455,0.0696699301072257,0.149922254418694
2019-07-01,Saakow,14000.0,2800.0,1170.7602339181285,862.1052631578946,308.6549707602339,0.4181286549707602,0.1102339181286549,0.2636363636363636
2019-07-01,Saakow/Salagle,69325.1698295153,13865.03396590306,7094.011604305988,5800.112911427753,1293.898692878234,0.5116476181559747,0.0933209897689536,0.1823930894182428
2019-07-01,Sablaale,24953.239247136426,4990.647849427284,2284.8259925169227,1949.6362555162448,335.1897370006772,0.4578215216645919,0.0671635721681189,0.1467025226859566
2019-07-01,Sheikh,65965.83992880996,13193.167985761993,4113.733779100076,3479.571060699396,634.1627184006793,0.311807882954238,0.0480675088110046,0.1541574521964835
2019-07-01,Taleex,38521.922596223885,7704.384519244779,3060.2608469086285,2339.757421187872,720.5034257207567,0.3972102948995347,0.0935186222755382,0.2354385661106585
2019-07-01,Tayeeglow,62826.76428427834,12565.352856855672,6887.296286870961,5635.139714293863,1252.156572577097,0.5481180166869125,0.0996515248590029,0.1818066945898704
2019-07-01,Waajid,122373.31931054375,24474.66386210875,13359.60860560526,10759.952258231264,2599.6563473739943,0.5458546307673043,0.1062182656325971,0.1945907566695676
2019-07-01,Wanla Weyn,105508.44272316828,21101.688544633656,9986.5150197072,8432.835947647143,1553.679072060056,0.4732566779470763,0.0736281870890929,0.1555777034324842
2019-07-01,Xarardheere,34095.52790194442,6819.105580388886,1633.5302433192642,1385.3297948671136,248.20044845215045,0.2395519799571875,0.036397801079067,0.1519411406475203
2019-07-01,Xudun,29233.817803085487,5846.763560617098,2194.0022938939064,1677.7056535239915,516.2966403699146,0.3752507299375622,0.0883046894264049,0.2353218325280752
2019-07-01,Xudur,119822.71253135678,23964.54250627136,13079.340661336966,10528.600239933025,2550.740421403942,0.5457788588250408,0.1064381020725278,0.1950205662082056
2019-07-01,Zeylac,76799.71197431434,15359.942394862868,4069.273298901699,3363.4276732281187,705.8456256735801,0.2649276406311697,0.045953663596398,0.1734574145865524
2019-01-01,Adan Yabaal,37859.154953401936,7571.830990680386,2998.245654402931,2681.745100631399,316.5005537715319,0.3959736631857278,0.0417997382880163,0.1055619152842763
2019-01-01,Afgooye,262835.8188681545,52567.163773630906,23042.308800094463,18830.71827531796,4211.590524776501,0.4383403468241347,0.0801182757911916,0.1827764119175087
2019-01-01,Afmadow/Xagar,180756.29518407176,36151.25903681436,12896.46984834579,10910.726548019276,1985.7433003265128,0.3567363956871535,0.0549287453115905,0.153975725425452
2019-01-01,Baardheere,122284.68350495162,24456.936700990333,7021.300153358238,6083.980468328216,937.3196850300216,0.2870882907046133,0.0383253101763994,0.1334965981452463
2019-01-01,Badhaadhe,41293.78545781948,8258.757091563897,1924.5440770838693,1674.4201979310365,250.12387915283344,0.2330307158506623,0.0302858985171422,0.1299652640493581
2019-01-01,Badhan,26612.36163714786,5322.472327429572,1608.6399225077753,1340.5332687564794,268.1066537512959,0.3022354694485842,0.0503725782414307,0.1666666666666666
2019-01-01,Baki,99262.17263864214,19852.434527728423,6203.592076280527,5480.480399523661,723.1116767568673,0.3124852051578765,0.0364243325294375,0.1165633826120981
2019-01-01,Balcad,211434.1247319937,42286.82494639875,17998.642927573714,15100.407355012949,2898.235572560764,0.4256324032458843,0.068537554574846,0.1610252275253875
2019-01-01,Banadir,1650228.0,330045.6,141674.59351909187,118289.00228539263,23385.591233699222,0.4292576344574564,0.0708556370201548,0.1650655255315612
2019-01-01,Bandarbeyla,14286.58526534636,2857.3170530692723,1081.7929915685042,962.9908953083792,118.80209626012513,0.3786044640745989,0.0415781987275476,0.1098196209312398
2019-01-01,Baraawe,71451.00452711528,14290.200905423058,6286.713780727547,5132.984568190321,1153.7292125372248,0.439931798183591,0.08073568875434,0.18351864786243
2019-01-01,Baydhaba,271288.5935653316,54257.71871306632,25626.607928107547,21527.6130713468,4098.99485676075,0.4723126687951987,0.0755467600552404,0.1599507382428451
2019-01-01,Baydhaba/Bardaale,178680.20288903484,35736.04057780696,16818.816448539616,14767.741271888442,2051.075176651173,0.4706401766004416,0.0573951434878587,0.1219512195121951
2019-01-01,Belet Weyne,222898.05826843024,44579.61165368607,20994.689364019232,18020.69903103706,2973.990332982169,0.4709482336256127,0.0667118941296624,0.1416544099042019
2019-01-01,Belet Weyne (Mataban),34312.847078664454,6862.569415732891,3280.598659849031,2832.171504905638,448.42715494339257,0.4780423280423281,0.0653439153439153,0.1366906474820143
2019-01-01,Belet Xaawo,80263.42747402092,16052.685494804184,6534.4065726152,5507.075445196245,1027.3311274189557,0.4070600258586147,0.0639974618422241,0.1572187337905111
2019-01-01,Berbera,178810.11668822702,35762.02333764541,9503.272450835795,8254.389103099571,1248.8833477362275,0.2657364311048932,0.034922055051107,0.1314161363043307
2019-01-01,Borama,397759.659833392,79551.93196667841,16264.906844821233,14536.023530281243,1728.8833145399888,0.204456465641011,0.0217327633886271,0.1062953099599502
2019-01-01,Bossaso,474784.6404434893,94956.92808869788,37433.6362319945,33226.50105394698,4207.135178047517,0.3942170096006928,0.0443057211593628,0.1123891665766544
2019-01-01,Bu'aale,102232.682999872,20446.536599974403,6508.451707938661,5386.393692822179,1122.058015116481,0.31831560695452,0.054877656645179,0.1724001445302044
2019-01-01,Bulo Burto,126308.10395590446,25261.6207911809,11884.408516493522,10206.791865195391,1677.6166512981315,0.470453127878576,0.0664096997245642,0.1411611397378243
2019-01-01,Burco,440966.7506063085,88193.3501212617,15613.367694082915,13892.518837847172,1720.8488562357447,0.1770356571398554,0.0195122291405152,0.1102163793201324
2019-01-01,Burtinle,61401.072470727006,12280.2144941454,5075.9036813000375,4444.723220037381,631.1804612626578,0.4133399855287525,0.0513981625942749,0.1243483921075902
2019-01-01,Buuhoodle,114678.62295159738,22935.72459031948,4331.358096571831,3818.23953182956,513.1185647422707,0.188847667729668,0.0223720232915093,0.1184659760984417
2019-01-01,Buur Hakaba,128204.6513460276,25640.93026920552,12060.908842402876,10573.510052483209,1487.3987899196663,0.47037719442215,0.0580087685705388,0.1233239392947218
2019-01-01,Cabudwaaq,148952.26299964866,29790.452599929733,9629.3819956747,7408.517453881162,2220.864541793537,0.3232371835699271,0.0745495401368549,0.2306341718285866
2019-01-01,Cadaado,108059.64692015851,21611.929384031704,7144.427197658416,5742.70924650306,1401.7179511553552,0.3305779447408884,0.0648585291136031,0.1961973874707223
2019-01-01,Cadale,83698.7844852664,16739.75689705328,6656.443160779403,5929.052014013744,727.3911467656592,0.397642761583422,0.0434529098145805,0.1092762499725888
2019-01-01,Caluula,49878.02246678231,9975.60449335646,5219.102140567978,4239.664274538113,979.4378660298656,0.5231865541625861,0.0981833097615438,0.1876640540173978
2019-01-01,Caynabo,38882.923681135246,7776.58473622705,2694.216068312829,2166.131613337568,528.0844549752607,0.3464523514753054,0.0679069891073379,0.1960067201684969
2019-01-01,Ceel Afweyn,119189.63988343433,23837.927976686864,10015.77137844898,8120.460481346143,1895.3108971028369,0.4201611561308622,0.0795082063741623,0.1892326437463412
2019-01-01,Ceel Barde,62204.20387382111,12440.840774764223,6517.089401993865,4631.059420007751,1886.0299819861136,0.523846379837409,0.1515998810797301,0.2893975923376306
2019-01-01,Ceel Buur,75284.97791694281,15056.99558338856,4770.175222450213,3955.687450358975,814.4877720912392,0.3168079047398306,0.0540936448829016,0.1707458812535769
2019-01-01,Ceel Dheer,103004.37800500816,20600.87560100164,6668.961733712647,5526.670863547309,1142.2908701653396,0.3237222467082124,0.0554486562750662,0.1712846640566072
2019-01-01,Ceel Waaq,42841.35404644698,8568.270809289395,2755.2290118469123,2399.851348440354,355.3776634065584,0.3215618498962238,0.0414760073901108,0.1289829853992202
2019-01-01,Ceerigaabo,186214.57602082423,37242.91520416485,15759.68971554139,12684.11226741208,3075.577448129308,0.4231594017049179,0.0825815442016034,0.1951546955328906
2019-01-01,Dhuusamarreeb,134132.73415617252,26826.546831234504,8234.977018863061,6735.244471564974,1499.7325472980874,0.3069711905400723,0.0559047929922881,0.1821173931466713
2019-01-01,Diinsoor,144645.3749179251,28929.07498358503,13623.878831362264,11869.135521182112,1754.7433101801523,0.4709407002848428,0.0606567375962014,0.1287990983992547
2019-01-01,Doolow,70367.24202467134,14073.448404934268,5606.550628631577,4690.567463915715,915.9831647158612,0.3983778863086515,0.0650859077576686,0.1633773108260382
2019-01-01,Eyl,92352.216683081,18470.4433366162,7099.412632487859,6341.920043934738,757.4925885531218,0.3843661195946408,0.0410110669651037,0.1066979238658047
2019-01-01,Gaalkacyo,420293.0224489165,84058.6044897833,33112.51119831377,28600.03082624636,4512.480372067409,0.3939217335250711,0.0536825515895385,0.1362772018419794
2019-01-01,Galdogob,96228.94625799869,19245.78925159974,7731.745242731668,6845.807863978179,885.9373787534904,0.4017369795363936,0.0460327901948656,0.114584398598276
2019-01-01,Garbahaarey,150445.26937163374,30089.053874326764,10779.165264050813,9075.97160707866,1703.1936569721508,0.3582420806274685,0.0566050918080008,0.1580079361666722
2019-01-01,Garoowe,238943.83260569465,47788.76652113893,18115.436210101943,16042.970403951183,2072.4658061507603,0.3790731071095702,0.0433672169637193,0.1144033067774026
2019-01-01,Gebiley,103448.69292549856,20689.73858509972,4046.340705965713,3617.707676576321,428.63302938939074,0.195572345649635,0.0207171795635002,0.105931027695576
2019-01-01,Hargeysa,959744.1903862744,191948.83807725488,37461.6018180365,33340.79176921269,4120.810048823811,0.1951645146346709,0.0214682729528442,0.1100009035609304
2019-01-01,Hobyo,90079.84358712788,18015.968717425578,6342.929967018108,5770.296218257471,572.6337487606368,0.3520726565695597,0.0317847881366916,0.0902790590055717
2019-01-01,Iskushuban,60361.40289872798,12072.280579745591,5117.630722689676,4406.3465845364335,711.2841381532436,0.4239158201206688,0.0589187878342232,0.1389869993940113
2019-01-01,Jalalaqsi,137166.99069700082,27433.398139400168,12890.528982921282,11078.909131642167,1811.6198512791132,0.4698845151234747,0.0660370196238009,0.1405388292194476
2019-01-01,Jamaame,72274.03765624086,14454.807531248174,4552.403243607264,3754.056980589151,798.3462630181131,0.3149404261361454,0.0552305010836194,0.1753680902804897
2019-01-01,Jariiban,77164.65979907343,15432.931959814685,5474.330032478792,4938.03317255796,536.2968599208333,0.3547174345570384,0.034750160327103,0.0979657522909696
2019-01-01,Jilib,177363.81212203606,35472.762424407214,11198.950158574764,9331.31426011207,1867.635898462691,0.3157056116630282,0.0526498578294442,0.1667688374372027
2019-01-01,Jowhar,183042.93582933792,36608.58716586759,15965.338510616895,13086.003655990386,2879.334854626511,0.4361091139158288,0.0786518977523145,0.180349126497491
2019-01-01,Kismaayo,194982.61424177085,38996.52284835418,12074.246518455648,10196.989094027553,1877.2574244280927,0.3096236699207461,0.0481390977274611,0.1554761551007493
2019-01-01,Kurtunwaarey,257277.9921167836,51455.59842335672,22598.055595611902,18539.70012046258,4058.355475149324,0.4391758387432182,0.078871018888144,0.1795887021331771
2019-01-01,Laas Caanood,220788.33591955536,44157.667183911086,14296.532588780634,11890.976303401556,2405.55628537908,0.3237610476395274,0.0544765255682607,0.1682615186892846
2019-01-01,Laasqoray,53800.5744763104,10760.11489526208,4108.013353107835,3369.256241485273,738.757111622562,0.3817815509494871,0.0686569910092552,0.1798331816676472
2019-01-01,Laasqoray/Badhan,158305.84798228322,31661.169596456635,15528.062256034182,12266.558518080945,3261.5037379532373,0.4904449978933187,0.1030127370379346,0.2100393264900662
2019-01-01,Lughaye,99442.45554944112,19888.491109888237,5892.57700336051,4959.744150226011,932.8328531345,0.2962807470311721,0.0469031485586511,0.1583064341123602
2019-01-01,Luuq,42201.02354780796,8440.20470956159,3458.066813734383,2909.537837853012,548.5289758813705,0.4097136186539254,0.0649900085077276,0.1586230126331802
2019-01-01,Marka,197917.20494918805,39583.44098983761,17245.520434190228,14086.372073905966,3159.148360284259,0.4356751207813825,0.0798098467764669,0.1831866061879505
2019-01-01,Owdweyne,99751.78651328415,19950.35730265683,4135.587638769041,3623.347152693093,512.2404860759468,0.2072939133886237,0.0256757549904998,0.123861596178969
2019-01-01,Qandala,50358.19680656703,10071.639361313406,4881.755310725584,4027.478660023889,854.2766507016953,0.4847031486728068,0.0848200198651962,0.1749937463733147
2019-01-01,Qansax Dheere,69363.1772816809,13872.635456336178,6529.019601083604,5732.797698512433,796.2219025711715,0.4706401766004414,0.0573951434878587,0.1219512195121951
2019-01-01,Qardho,80478.15211908707,16095.630423817414,6579.123422742703,5712.083815330413,867.0396074122908,0.4087521426316601,0.0538680116641653,0.1317864936862424
2019-01-01,Qoryooley,282277.1749967973,56455.434999359466,24775.89083034856,20312.762520107408,4463.128310241148,0.4388574958395,0.0790557775401391,0.1801399732022615
2019-01-01,Saakow,14000.0,2800.0,1074.1219739292371,909.3645251396648,164.7574487895717,0.3836149906890133,0.0588419459962756,0.1533880255580972
2019-01-01,Saakow/Salagle,69325.1698295153,13865.03396590306,4179.115310688071,3510.535553408005,668.5797572800658,0.3014139973234372,0.0482205639686306,0.1599811700744834
2019-01-01,Sablaale,24953.239247136426,4990.647849427284,2178.521145685352,1779.6959565915647,398.8251890937879,0.4365207106198354,0.0799145123292071,0.1830715253251853
2019-01-01,Sheikh,65965.83992880996,13193.167985761993,3333.463906646812,2961.266688952168,372.1972176946439,0.2526659184696406,0.0282113604629545,0.1116547915675629
2019-01-01,Taleex,38521.922596223885,7704.384519244779,2918.3013022824707,2296.659530306047,621.6417719764232,0.3787844823934796,0.0806867531629067,0.2130149383445167
2019-01-01,Tayeeglow,62826.76428427834,12565.352856855672,5945.851824240855,5167.840917388376,778.0109068524794,0.4731941786256158,0.0619171555081316,0.1308493601674664
2019-01-01,Waajid,122373.31931054375,24474.66386210875,11730.43310277109,9950.926695915396,1779.5064068556946,0.4792888339084379,0.0727081040573838,0.1516999748658317
2019-01-01,Wanla Weyn,105508.44272316828,21101.688544633656,9321.301519870034,7654.889714291786,1666.411805578248,0.4417324945420314,0.0789705431417729,0.1787745844317975
2019-01-01,Xarardheere,34095.52790194442,6819.105580388886,2346.4116091573333,2130.1836962804477,216.2279128768868,0.3440937497588239,0.0317091311063929,0.0921525925089249
2019-01-01,Xudun,29233.817803085487,5846.763560617098,2046.3270536515893,1605.7751155264991,440.5519381250905,0.3499931256730363,0.0753497098963571,0.2152891138974794
2019-01-01,Xudur,119822.71253135678,23964.54250627136,11541.61170493831,9700.621009214126,1840.990695724184,0.48161201917032,0.076821441312406,0.1595089787101812
2019-01-01,Zeylac,76799.71197431434,15359.942394862868,4515.634789397725,3791.016128277469,724.6186611202579,0.2939877424871059,0.0471758710086443,0.1604688365900609
2018-07-01,Adan Yabaal,37859.154953401936,7571.830990680386,2112.0819230164097,1678.351130192922,433.7307928234877,0.2789393906990287,0.0572821545221143,0.205356993067791
2018-07-01,Afgooye,262835.8188681545,52567.163773630906,20230.949240405527,16460.215188756378,3770.7340516491504,0.384859060068862,0.0717317386170385,0.1863844353935795
2018-07-01,Afmadow/Xagar,180756.29518407176,36151.25903681436,13306.834376315232,11112.15377327607,2194.680603039164,0.3680877161916911,0.060708275769987,0.1649288283729949
2018-07-01,Baardheere,122284.68350495162,24456.936700990333,7270.084613787164,6084.996471225713,1185.088142561451,0.2972606382668021,0.0484561152138674,0.1630088514119933
2018-07-01,Badhaadhe,41293.78545781948,8258.757091563897,3064.983862134855,2529.179980779544,535.8038813553103,0.3711192650605567,0.0648770602422269,0.1748145848252873
2018-07-01,Badhan,26612.36163714786,5322.472327429572,1203.9432404645693,968.6899635921824,235.2532768723871,0.2262,0.0442,0.1954022988505747
2018-07-01,Baki,99262.17263864214,19852.434527728423,5481.4413415630215,4637.5532004055685,843.888141157452,0.2761092768701464,0.0425080430301266,0.1539536936678809
2018-07-01,Balcad,211434.1247319937,42286.82494639875,15140.399568163786,12196.167870716645,2944.231697447141,0.3580405856281527,0.0696252722019007,0.1944619548639967
2018-07-01,Banadir,1650228.0,330045.6,150340.93658272483,115897.7627177782,34443.17386494661,0.4555156517242613,0.1043588336428257,0.2291004343051589
2018-07-01,Bandarbeyla,14286.58526534636,2857.3170530692723,1428.3778356631688,1275.9134241891168,152.464411474052,0.499901764184284,0.0533592907760368,0.1067395528461596
2018-07-01,Baraawe,71451.00452711528,14290.200905423058,5409.947944549072,4443.930363342472,966.0175812065988,0.3785774588022779,0.0676,0.1785631934185122
2018-07-01,Baydhaba,271288.5935653316,54257.71871306632,34366.1900500762,27360.548730189188,7005.641319887004,0.6333880388856111,0.1291178745817765,0.2038527200623297
2018-07-01,Baydhaba/Bardaale,178680.20288903484,35736.04057780696,18601.72244989829,15849.426781290898,2752.2956686074003,0.5205311542390195,0.0770173646578141,0.1479591836734693
2018-07-01,Belet Weyne,257210.9053470947,51442.18106941895,23855.188620306548,19161.828232296783,4693.360388009771,0.4637281725694139,0.0912356414607749,0.1967437970293214
2018-07-01,Belet Xaawo,80263.42747402092,16052.685494804184,6328.552460183149,5319.562632752425,1008.989827430725,0.3942363701220913,0.06285489289361,0.1594345363776165
2018-07-01,Berbera,178810.11668822702,35762.02333764541,10548.731083169114,8323.926955919247,2224.8041272498667,0.2949701973955382,0.0622113605330572,0.2109072749801749
2018-07-01,Borama,397759.659833392,79551.93196667841,19142.19903925753,15677.385727626375,3464.813311631158,0.2406251937071188,0.043554106430532,0.1810039329611708
2018-07-01,Bossaso,474784.6404434893,94956.92808869788,45789.237767238665,38712.51627748567,7076.721489753008,0.482210605259551,0.074525594205646,0.1545498862795281
2018-07-01,Bu'aale,102232.682999872,20446.536599974403,8434.566661049115,7090.023899771833,1344.5427612772812,0.4125181113098476,0.0657589491845266,0.1594086353583982
2018-07-01,Bulo Burto,126308.10395590446,25261.6207911809,9874.640546634284,7925.770012913841,1948.8705337204424,0.3908949717937982,0.0771474858968991,0.1973611621118405
2018-07-01,Burco,440966.7506063085,88193.3501212617,19502.784229634948,16092.69047706894,3410.0937525660083,0.2211366753028379,0.0386661097223009,0.1748516372028712
2018-07-01,Burtinle,61401.072470727006,12280.2144941454,6051.516879738399,5078.534547788114,972.9823319502864,0.4927859267135329,0.0792317049848075,0.1607832137439807
2018-07-01,Buuhoodle,114678.62295159738,22935.72459031948,5186.445122571494,4251.106748903086,935.338373668408,0.226129551832888,0.0407808512866076,0.1803428652118192
2018-07-01,Buur Hakaba,128204.6513460276,25640.93026920552,12427.92782331859,10607.243022384477,1820.684800934114,0.4846909879180319,0.0710069713469303,0.1464994669117689
2018-07-01,Cabudwaaq,148952.26299964866,29790.452599929733,12808.897949176177,10477.739158988485,2331.1587901876915,0.4299665440197571,0.0782518755755053,0.1819952660593742
2018-07-01,Cadaado,108059.64692015851,21611.929384031704,9214.7013592473,7629.47432342933,1585.2270358179708,0.4263710655123516,0.0733496305512287,0.1720323832553874
2018-07-01,Cadale,83698.7844852664,16739.75689705328,4736.014931321619,3769.721440970016,966.2934903516028,0.2829201738380863,0.0577244637597873,0.20403092143165
2018-07-01,Caluula,49878.02246678231,9975.60449335646,4496.640766004318,3727.733040534885,768.907725469433,0.4507637375759017,0.0770788102095977,0.1709960313669172
2018-07-01,Caynabo,38882.923681135246,7776.58473622705,1888.1793407114465,1524.523631396118,363.6557093153283,0.2428031590674251,0.0467629070665489,0.1925959581669327
2018-07-01,Ceel Afweyn,119189.63988343433,23837.927976686864,6929.620794128784,5594.080773764997,1335.5400203637882,0.2906972787612182,0.0560258434235528,0.1927291636932489
2018-07-01,Ceel Barde,62204.20387382111,12440.840774764223,4317.157313036293,3910.434907889588,406.7224051467058,0.34701491572768,0.0326925175323943,0.094210698303383
2018-07-01,Ceel Buur,75284.97791694281,15056.99558338856,5424.46992999439,4512.709336918833,911.7605930755568,0.3602624374798162,0.0605539523489961,0.1680828919400978
2018-07-01,Ceel Dheer,103004.37800500816,20600.87560100164,6473.6185663554725,5212.753484849644,1260.8650815058288,0.3142399717243435,0.0612044413027048,0.1947697518137328
2018-07-01,Ceel Waaq,42841.35404644698,8568.270809289395,2373.4360032220056,1937.126504580973,436.3094986410328,0.2770029164634731,0.0509215346190975,0.1838303194392983
2018-07-01,Ceerigaabo,186214.57602082423,37242.91520416485,11530.718875589982,9312.934187964962,2217.784687625022,0.3096083862495412,0.0595491699687625,0.1923370703556022
2018-07-01,Dhuusamarreeb,134132.73415617252,26826.546831234504,10486.583282734278,8844.521931582743,1642.0613511515344,0.3909032104916541,0.0612103138537256,0.1565868793370592
2018-07-01,Diinsoor,144645.3749179251,28929.07498358503,13797.82124760847,11649.602870762275,2148.2183768461928,0.4769534198876959,0.0742581080820986,0.1556925791612597
2018-07-01,Doolow,70367.24202467134,14073.448404934268,7589.124035591476,6261.920176045162,1327.203859546314,0.5392512067568789,0.0943055192557486,0.1748823518131991
2018-07-01,Eyl,92352.216683081,18470.4433366162,8433.115399529477,7295.691490374685,1137.4239091547925,0.456573523755734,0.0615807584271645,0.1348758857513386
2018-07-01,Gaalkacyo,420293.0224489165,84058.6044897833,39243.43470591475,32900.62289837369,6342.811807541059,0.4668580324895174,0.0754570200878362,0.1616273360136103
2018-07-01,Galdogob,96228.94625799869,19245.78925159974,9036.062380504049,7645.779511673791,1390.2828688302584,0.4695085383288688,0.0722382881083817,0.1538593704078331
2018-07-01,Garbahaarey,150445.26937163374,30089.053874326764,10401.13408576497,8556.24794118083,1844.8861445841392,0.345678336354725,0.0613141959295128,0.1773735565152512
2018-07-01,Garoowe,238943.83260569465,47788.76652113893,24708.068208179047,21406.663904723828,3301.4043034552283,0.5170266990935967,0.0690832708978768,0.1336164476979374
2018-07-01,Gebiley,103448.69292549856,20689.73858509972,5054.898580809682,4234.247840659743,820.6507401499391,0.2443191130723181,0.0396646258614863,0.1623476172727661
2018-07-01,Hargeysa,959744.1903862744,191948.83807725488,45808.30308268869,37322.72610149223,8485.576981196467,0.2386485041615721,0.0442074933414351,0.1852410242282743
2018-07-01,Hobyo,90079.84358712788,18015.968717425578,6042.8239754314245,5057.151168061792,985.6728073696312,0.3354148794445133,0.0547110634365311,0.1631145986342023
2018-07-01,Iskushuban,60361.40289872798,12072.280579745591,5850.779805130872,5061.80071556911,788.9790895617617,0.4846457772814762,0.0653546017548234,0.1348502448972464
2018-07-01,Jalalaqsi,137166.99069700082,27433.398139400168,10584.686402523936,8537.714201153009,2046.9722013709288,0.3858321287337016,0.0746160643668508,0.19338997146697
2018-07-01,Jamaame,72274.03765624086,14454.807531248174,5893.859161297823,4929.70321521494,964.1559460828828,0.4077438698894172,0.0667014032527645,0.16358652619561
2018-07-01,Jariiban,77164.65979907343,15432.931959814685,6250.986438893904,5358.703057767696,892.2833811262077,0.4050420526164857,0.0578168415081201,0.1427428118503637
2018-07-01,Jilib,177363.81212203606,35472.762424407214,14403.207526134483,12097.43967628192,2305.767849852566,0.4060356888423295,0.0650010794836229,0.1600871087685692
2018-07-01,Jowhar,183042.93582933792,36608.58716586759,14022.771861235597,11349.811221231645,2672.960640003953,0.3830459721840857,0.0730145806472454,0.1906157118189348
2018-07-01,Kismaayo,194982.61424177085,38996.52284835418,18271.81479393856,14421.280113110255,3850.534680828295,0.4685498464822668,0.0987404619586693,0.2107363020177755
2018-07-01,Kurtunwaarey,257277.9921167836,51455.59842335672,22955.26643879602,19582.7129092366,3372.553529559421,0.4461179568825337,0.0655429852707446,0.1469185094649812
2018-07-01,Laas Caanood,220788.33591955536,44157.667183911086,10128.244980319056,8181.769415935643,1946.475564383412,0.2293654902134254,0.0440801267031745,0.1921829071241615
2018-07-01,Laasqoray,53800.5744763104,10760.11489526208,2433.9379893082823,1958.3409109376985,475.597078370584,0.2261999999999999,0.0442,0.1954022988505747
2018-07-01,Laasqoray/Badhan,158305.84798228322,31661.169596456635,10566.074209847797,8545.66602986994,2020.4081799778564,0.3337234329786193,0.0638134410613804,0.1912165426677388
2018-07-01,Lughaye,99442.45554944112,19888.491109888237,8345.448109620496,6025.579829405349,2319.8682802151448,0.4196119285022721,0.1166437547925264,0.2779800736572598
2018-07-01,Luuq,42201.02354780796,8440.20470956159,3479.915786337006,2964.2601081838347,515.655678153172,0.4123022966960434,0.0610951624868772,0.148180504878239
2018-07-01,Marka,197917.20494918805,39583.44098983761,15720.19253126314,12501.830952885475,3218.3615783776613,0.3971406259324205,0.0813057555861281,0.2047278728919652
2018-07-01,Owdweyne,99751.78651328415,19950.35730265683,4595.412939188874,3880.08051290108,715.3324262877939,0.2303423878316652,0.035855619798475,0.1556622736093126
2018-07-01,Qandala,50358.19680656703,10071.639361313406,4682.317278883081,3904.216904746535,778.1003741365457,0.4649012053458273,0.0772565762357754,0.1661784812502398
2018-07-01,Qansax Dheere,69363.1772816809,13872.635456336178,7065.121469540268,6006.566366135919,1058.5551034043474,0.5092847348131929,0.0763052634617356,0.1498282949512017
2018-07-01,Qardho,80478.15211908707,16095.630423817414,8647.798631673282,7723.655987298465,924.1426443748156,0.5372761677527557,0.0574157470096555,0.1068644962418604
2018-07-01,Qoryooley,282277.1749967973,56455.434999359466,24636.0144001566,20907.497476873617,3728.516923282976,0.4363798525409664,0.0660435425451115,0.1513441607364572
2018-07-01,Saakow,14000.0,2800.0,1041.04,851.76,189.28,0.3717999999999999,0.0676,0.1818181818181818
2018-07-01,Saakow/Salagle,69325.1698295153,13865.03396590306,5439.179198827535,4567.525910006559,871.6532888209751,0.3922946898077266,0.0628670143156192,0.1602545635946078
2018-07-01,Sablaale,24953.239247136426,4990.647849427284,2150.7748619449867,1816.633831837045,334.14103010794133,0.4309610549243231,0.0669534377478239,0.1553584412855612
2018-07-01,Sheikh,65965.83992880996,13193.167985761993,3306.0295795034,2770.016621106024,536.0129583973758,0.2505864840856458,0.0406280704509969,0.1621319306156633
2018-07-01,Taleex,38521.922596223885,7704.384519244779,1962.7365806791,1582.884964357317,379.8516163217833,0.2547557920787028,0.04930330454989,0.1935316333638393
2018-07-01,Tayeeglow,62826.76428427834,12565.352856855672,4401.150277503805,3619.394403049145,781.7558744546602,0.3502607787971933,0.0622151946992983,0.1776253536377875
2018-07-01,Waajid,122373.31931054375,24474.66386210875,11622.893286828592,9847.741714393926,1775.1515724346664,0.4748949097855825,0.0725301717088309,0.1527288884641418
2018-07-01,Wanla Weyn,105508.44272316828,21101.688544633656,7993.68750285581,6594.876598264259,1398.810904591551,0.3788174337777663,0.0662890508327249,0.1749894406169636
2018-07-01,Xarardheere,34095.52790194442,6819.105580388886,2350.618441590034,1910.1719058222516,440.44653576778273,0.3447106682656731,0.0645900742517414,0.1873747469920514
2018-07-01,Xudun,29233.817803085487,5846.763560617098,1421.7547620886096,1145.59642660488,276.15833548372933,0.2431695325710332,0.0472326839662013,0.1942376722396502
2018-07-01,Xudur,119822.71253135678,23964.54250627136,11237.024222403345,9469.679614567758,1767.3446078355842,0.4689020964811947,0.0737483140925007,0.1572787041174135
2018-07-01,Zeylac,76799.71197431434,15359.942394862868,6651.854119268918,4778.211028373836,1873.6430908950824,0.4330650433619875,0.1219824295383895,0.2816723062924007
2018-01-01,Abudwak,73330.78499999999,14666.157,6177.3853284,5205.0191193,972.3662091,0.4212,0.0663,0.1574074074074074
2018-01-01,Adado,81479.34,16295.868,6863.8196016,5783.4035532,1080.4160484,0.4212,0.0663,0.1574074074074073
2018-01-01,Adan Yabaal,65262.95999999999,13052.592,4581.459792000001,3529.4208768,1052.0389152,0.3510000000000001,0.0806,0.2296296296296297
2018-01-01,Afgooye,309683.38499999995,61936.677,21739.773627,16747.677460799998,4992.0961662,0.351,0.0805999999999999,0.2296296296296297
2018-01-01,Afmadow,67386.78,13477.356000000002,5291.2099656,4783.113644399999,508.0963212,0.3925999999999999,0.0377,0.0960264900662251
2018-01-01,Baardheere,170132.26499999998,34026.453,13358.7854478,12075.988169699998,1282.7972781,0.3925999999999999,0.0377,0.0960264900662251
2018-01-01,Badhaadhe,50723.28,10144.656,3982.7919456,3600.3384144,382.45353120000016,0.3926,0.0377,0.0960264900662252
2018-01-01,Baidoa,430013.52,86002.704,24820.380374400003,21466.2749184,3354.105456,0.2886,0.039,0.1351351351351351
2018-01-01,Baki,70268.22,14053.643999999998,2375.065836,2155.8289896,219.2368464,0.169,0.0156,0.0923076923076923
2018-01-01,Balcad,141077.745,28215.549,9903.657699,7629.4844496,2274.1732494000003,0.351,0.0806,0.2296296296296296
2018-01-01,Bandarbeyla,27594.135,5518.826999999999,1894.0614264000003,1607.0824224000007,286.9790040000001,0.3432000000000001,0.052,0.1515151515151515
2018-01-01,Baraawe,69703.11,13940.622,4893.158322000001,3769.5441888000014,1123.6141332000002,0.3510000000000001,0.0806,0.2296296296296296
2018-01-01,Belethawa,89717.93999999997,17943.588,7044.652648800001,6368.1793812,676.4732676000001,0.3926,0.0377,0.0960264900662251
2018-01-01,Belet Weyne,281126.69999999995,56225.34,22074.068484,19954.373166,2119.695318,0.3926,0.0377,0.0960264900662251
2018-01-01,Berbera,111510.9,22302.18,4406.910768000002,3740.075586000001,666.835182,0.1976,0.0299,0.1513157894736842
2018-01-01,Borama,491879.61,98375.922,16625.530818000007,15090.866434800002,1534.6643832000002,0.1690000000000001,0.0156,0.0923076923076923
2018-01-01,Bossaso,316531.98,63306.39599999999,21726.7551072,18434.8225152,3291.932592000001,0.3432,0.052,0.1515151515151515
2018-01-01,Bu'aale,93543.3,18708.66,7345.019915999998,6639.703433999999,705.3164820000002,0.3925999999999999,0.0377,0.0960264900662251
2018-01-01,Bulo Burto,181435.5,36287.1,14246.31546,12878.29179,1368.02367,0.3926,0.0377,0.0960264900662251
2018-01-01,Burco,534884.8949999999,106976.979,21694.9313412,17244.6890148,4450.2423264,0.2028,0.0416,0.2051282051282051
2018-01-01,Burtinle,112734.27,22546.854,8558.785778399999,7386.349370399998,1172.436408,0.3795999999999999,0.052,0.136986301369863
2018-01-01,Buuhoodle,71317.70999999999,14263.542,2892.6463176,2299.2829704,593.3633472,0.2027999999999999,0.0416,0.2051282051282051
2018-01-01,Buur Hakaba,165968.46,33193.692,9579.699511200002,8285.145523200003,1294.553988,0.2886,0.039,0.1351351351351351
2018-01-01,Cadale,48461.80499999999,9692.361,3402.018711,2620.8144144000003,781.2042965999998,0.351,0.0805999999999999,0.2296296296296296
2018-01-01,Caluula,67184.955,13436.991000000002,4611.575311200001,3912.851779200001,698.7235320000003,0.3432,0.052,0.1515151515151515
2018-01-01,Caynabo,69235.29,13847.058,4032.2632896,3510.2292030000003,522.0340866,0.2911999999999999,0.0377,0.1294642857142857
2018-01-01,Ceel Afweyn,137053.66499999998,27410.733,9229.1938011,8231.443119900001,997.7506812,0.3367,0.0364,0.1081081081081081
2018-01-01,Ceel barde,46070.955,9214.191,4479.939664199998,3186.2672477999995,1293.6724163999995,0.4861999999999998,0.1403999999999999,0.2887700534759357
2018-01-01,Ceel Dheer,130366.52999999998,26073.306,10982.0764872,9253.4162994,1728.6601877999994,0.4211999999999999,0.0662999999999999,0.1574074074074073
2018-01-01,Ceel Waaq,32041.53,6408.306000000001,2515.9009356,2274.3077994000005,241.59313620000003,0.3925999999999998,0.0377,0.0960264900662251
2018-01-01,Ceel Buur,141229.88999999998,28245.978,11897.2059336,10024.4975922,1872.7083414,0.4212,0.0663,0.1574074074074074
2018-01-01,Ceerigaabo,239221.62,47844.324,16109.183890800005,14367.650497200002,1741.5333936000004,0.3367000000000001,0.0364,0.108108108108108
2018-01-01,Dhuusamarreeb,162957.645,32591.529,13727.5520148,11566.733642100002,2160.8183727,0.4212,0.0662999999999999,0.1574074074074074
2018-01-01,Diinsoor,100108.305,20021.661,5778.251364600002,4997.406585600002,780.844779,0.2886000000000001,0.039,0.1351351351351351
2018-01-01,Doolow,42455.7,8491.14,3333.621564,3013.505586,320.115978,0.3926,0.0377,0.0960264900662251
2018-01-01,Eyl,105162.21,21032.442000000003,7983.9149832,6890.227999199999,1093.6869840000004,0.3795999999999999,0.052,0.136986301369863
2018-01-01,Gaalkacyo,584319.6,116863.92,46792.313568,40107.697344,6684.616223999999,0.4004,0.0571999999999999,0.1428571428571428
2018-01-01,Galdogob,85807.70999999999,17161.541999999998,6871.481416799998,5889.841214399999,981.6402024,0.4004,0.0572,0.1428571428571428
2018-01-01,Garbahaarey,91374.975,18274.995,7174.763036999999,6485.795725499997,688.9673115,0.3925999999999999,0.0377,0.0960264900662251
2018-01-01,Garoowe,188544.915,37708.983,14314.3299468,12353.4628308,1960.867116,0.3795999999999999,0.052,0.136986301369863
2018-01-01,Gebiley,146038.5,29207.7,5771.441519999999,4898.131289999998,873.31023,0.1975999999999999,0.0299,0.1513157894736842
2018-01-01,Hargeysa,1027923.705,205584.741,40623.54482159999,34476.56106569999,6146.983755900002,0.1975999999999999,0.0299,0.1513157894736842
2018-01-01,Hobyo,142717.185,28543.437,11428.7921748,9796.1075784,1632.6845964,0.4003999999999999,0.0572,0.1428571428571428
2018-01-01,Iskushuban,82588.86,16517.772,5668.899350400001,4809.9752064,858.9241440000003,0.3432,0.052,0.1515151515151515
2018-01-01,Jalalaqsi,76346.775,15269.355,5994.748772999998,5419.094089499999,575.6546835,0.3925999999999999,0.0377,0.0960264900662251
2018-01-01,Jamaame,169536.10499999998,33907.221,13311.9749646,12033.6727329,1278.3022317,0.3926,0.0377,0.0960264900662251
2018-01-01,Jariiban,83205.71999999999,16641.143999999997,6663.114057599999,5711.240620799998,951.8734367999996,0.4004,0.0571999999999999,0.1428571428571428
2018-01-01,Jilib,103739.085,20747.817,8145.5929541999985,7363.400253299998,782.1927009,0.3925999999999999,0.0377,0.0960264900662251
2018-01-01,Jowhar,279295.785,55859.157,19606.564107,15104.3160528,4502.248054199999,0.351,0.0805999999999999,0.2296296296296297
2018-01-01,Kismaayo,218785.545,43757.109,17179.040993399998,15529.397984099998,1649.6430093,0.3925999999999999,0.0377,0.0960264900662251
2018-01-01,Kurtunwaarey,95730.255,19146.051,6720.263901000001,5177.0921904000015,1543.1717106,0.3510000000000001,0.0805999999999999,0.2296296296296296
2018-01-01,Laas Caanood,170114.66999999998,34022.934,9907.4783808,8624.813769,1282.6646118,0.2911999999999999,0.0377,0.1294642857142857
2018-01-01,Laasqoray,186893.055,37378.611,12585.3783237,11224.7968833,1360.5814403999998,0.3367,0.0363999999999999,0.108108108108108
2018-01-01,Lughaye,70268.22,14053.643999999998,2375.065836,2155.8289896,219.2368464,0.169,0.0156,0.0923076923076923
2018-01-01,Luuq,100476.765,20095.353000000006,7889.435587800002,7131.840779700003,757.5948081000001,0.3926,0.0377,0.0960264900662251
2018-01-01,Marka,282222.765,56444.55299999999,19812.038103,15262.6071312,4549.4309718,0.351,0.0806,0.2296296296296297
2018-01-01,Owdweyne,78004.845,15600.969,3163.8765132000008,2514.8762028,649.0003104000001,0.2028,0.0416,0.2051282051282051
2018-01-01,Qandala,75823.06499999999,15164.612999999998,5204.495181599998,4415.935305599999,788.5598759999998,0.3431999999999999,0.052,0.1515151515151515
2018-01-01,Qansax Dheere,123818.085,24763.617,7146.7798662000005,6180.998803199999,965.781063,0.2886,0.039,0.1351351351351351
2018-01-01,Qardho,174970.88999999998,34994.178,12010.001889600002,10190.304633600002,1819.697256,0.3432,0.052,0.1515151515151515
2018-01-01,Qoryooley,196309.485,39261.897,13780.925847,10616.4169488,3164.5088982,0.351,0.0805999999999999,0.2296296296296296
2018-01-01,Rab Dhuure,35703.36,7140.672000000001,3471.7947264,2469.2443776,1002.5503488,0.4861999999999999,0.1403999999999999,0.2887700534759359
2018-01-01,Saakow,178339.81499999997,35667.963,14003.242273799997,12658.560068699995,1344.6822051,0.3925999999999999,0.0377,0.0960264900662251
2018-01-01,Sablaale,62978.715,12595.743,4421.1057930000015,3405.888907200001,1015.2168858,0.3510000000000001,0.0805999999999999,0.2296296296296296
2018-01-01,Sheikh,62404.28999999999,12480.858,2531.1180024,2011.9143096,519.2036928,0.2028,0.0416,0.2051282051282051
2018-01-01,Taleex,57175.47,11435.094,3329.8993728,2898.796329,431.1030438,0.2912,0.0377,0.1294642857142857
2018-01-01,Tayeeglow,99175.77,19835.154,9643.8518748,6858.996253200001,2784.8556216,0.4861999999999999,0.1404,0.2887700534759358
2018-01-01,Waajid,85276.75499999999,17055.351000000002,8292.3116562,5897.7403758,2394.5712804,0.4861999999999999,0.1403999999999999,0.2887700534759358
2018-01-01,Wanla Weyn,227667.915,45533.583,15982.287633000002,12312.280843200002,3670.0067898,0.351,0.0806,0.2296296296296297
2018-01-01,Xarardheere,278193.50999999995,55638.70199999999,22277.7362808,19095.202526400004,3182.5337543999995,0.4004000000000001,0.0572,0.1428571428571428
2018-01-01,Xudun,42361.515,8472.303,2467.1346336,2147.7288105,319.4058231,0.2912,0.0377,0.1294642857142857
2018-01-01,Xudur,113853.105,22770.621,11071.0759302,7874.080741799999,3196.9951884,0.4862,0.1404,0.2887700534759358
2018-01-01,Zeylac,64412.19,12882.438,2177.132022,1976.1659892,200.9660328,0.1689999999999999,0.0156,0.0923076923076923
2018-01-01,Mogadishu,1707984.9450000003,341596.989,99473.0431968,87927.06496860001,11545.9782282,0.2912,0.0338,0.1160714285714285
2017-07-01,Abudwak,73330.78499999999,14666.157,7626.401640000001,5872.329262800001,1754.0723772,0.5200000000000001,0.1196,0.2299999999999999
2017-07-01,Adado,81479.34,16295.868,8473.851359999999,6524.865547200001,1948.9858128,0.5199999999999999,0.1195999999999999,0.23
2017-07-01,Adan Yabaal,65262.95999999999,13052.592,4819.0169664,3733.041312,1085.9756544000002,0.3692,0.0832,0.2253521126760563
2017-07-01,Afgooye,309683.38499999995,61936.677,22867.021148400003,17713.889621999995,5153.1315264,0.3692,0.0831999999999999,0.2253521126760564
2017-07-01,Afmadow,80386.78,16077.356000000002,6763.226849600002,5704.678709600002,1058.54814,0.4206678541919456,0.0658409342929272,0.1565152498267311
2017-07-01,Baardheere,170132.26499999998,34026.453,14685.817114800002,12474.0976698,2211.719445,0.4316,0.0649999999999999,0.1506024096385542
2017-07-01,Badhaadhe,50723.28,10144.656,4378.433529600001,3719.030889600001,659.4026400000001,0.4316000000000001,0.065,0.1506024096385542
2017-07-01,Baidoa,450683.52,90136.704,34017.7997952,23284.863888000003,10732.9359072,0.3774023043398614,0.1190739779790483,0.3155094089510882
2017-07-01,Baki,70268.22,14053.643999999998,5334.7632624,4220.3092932,1114.4539692,0.3796,0.0793,0.2089041095890411
2017-07-01,Balcad,141077.745,28215.549,10417.1806908,8069.647014,2347.5336768,0.3692,0.0832,0.2253521126760564
2017-07-01,Bandarbeyla,27594.135,5518.826999999999,2238.4362312,1865.363526,373.0727052,0.4056,0.0676,0.1666666666666666
2017-07-01,Baraawe,69703.11,13940.622,5146.877642400002,3987.017892000001,1159.8597504000004,0.3692000000000001,0.0832,0.2253521126760563
2017-07-01,Belethawa,89717.93999999997,17943.588,7744.452580800002,6578.119360800001,1166.33322,0.4316000000000001,0.065,0.1506024096385542
2017-07-01,Belet Weyne,281126.69999999995,56225.34,24120.67086,19442.722572,4677.9482880000005,0.429,0.0832,0.1939393939393939
2017-07-01,Berbera,112100.9,22420.18,7595.508440000001,5726.774664000001,1868.7337760000005,0.3387799937377845,0.0833505251072917,0.2460314264360161
2017-07-01,Borama,491879.61,98375.922,37343.49999119999,29542.2893766,7801.2106146000015,0.3795999999999999,0.0793,0.2089041095890411
2017-07-01,Bossaso,365531.98,73106.39600000001,30416.3542176,24990.241848,5426.1123696,0.4160559934810628,0.0742221292046731,0.1783945679610824
2017-07-01,Bu'aale,93543.3,18708.66,8074.657656,6858.594756,1216.0629,0.4316,0.0649999999999999,0.1506024096385542
2017-07-01,Bulo Burto,181435.5,36287.1,15567.165900000002,12548.07918,3019.08672,0.429,0.0832,0.1939393939393939
2017-07-01,Burao,560644.8949999999,112128.979,37668.717447400006,28428.234721900004,9240.4827255,0.3359409653359994,0.0824094075225638,0.245309194251258
2017-07-01,Burtinle,112734.27,22546.854,10200.196749600002,8500.163958,1700.0327915999997,0.4524000000000001,0.0753999999999999,0.1666666666666666
2017-07-01,Buuhoodle,71317.70999999999,14263.542,4858.162405200002,3652.893106200001,1205.269299,0.3406000000000001,0.0845,0.2480916030534351
2017-07-01,Buur Hakaba,165968.46,33193.692,11909.896689600002,8198.841924000002,3711.0547656,0.3588,0.1117999999999999,0.3115942028985507
2017-07-01,Cadale,48461.80499999999,9692.361,3578.419681199998,2772.0152459999986,806.4044352000002,0.3691999999999999,0.0832,0.2253521126760564
2017-07-01,Caluula,67184.955,13436.991000000002,5450.043549600001,4541.702958000002,908.3405916000004,0.4056,0.0676,0.1666666666666666
2017-07-01,Caynabo,69235.29,13847.058,6120.399636,4680.305604,1440.094032,0.442,0.104,0.2352941176470588
2017-07-01,Ceel Afweyn,137053.66499999998,27410.733,12186.811891799998,9585.5333301,2601.2785616999995,0.4446,0.0949,0.2134502923976608
2017-07-01,Ceel barde,46070.955,9214.191,4479.939664199998,3186.2672477999995,1293.6724163999995,0.4861999999999998,0.1403999999999999,0.2887700534759357
2017-07-01,Ceel Dheer,130366.52999999998,26073.306,13558.11912,10439.751722399998,3118.3673976,0.52,0.1196,0.23
2017-07-01,Ceel Waaq,32041.53,6408.306000000001,2765.8248696,2349.2849796,416.53989000000007,0.4315999999999999,0.065,0.1506024096385542
2017-07-01,Ceel Buur,141229.88999999998,28245.978,14687.90856,11309.6895912,3378.2189688000003,0.52,0.1196,0.23
2017-07-01,Ceerigaabo,239221.62,47844.324,21271.5864504,16731.1601028,4540.426347600001,0.4446,0.0949,0.2134502923976608
2017-07-01,Dhuusamarreeb,166457.645,33291.528999999995,17555.47508,13450.048211599998,4105.4268684,0.5273255872387238,0.1233174621808448,0.2338545012135325
2017-07-01,Diinsoor,100108.305,20021.661,7183.771966800001,4945.350267000002,2238.4216998,0.3588,0.1118,0.3115942028985507
2017-07-01,Doolow,50233.7,10046.74,4376.618584000002,3699.313124,677.3054599999999,0.4356257436740676,0.0674154462044404,0.1547554229368048
2017-07-01,Eyl,105162.21,21032.442000000003,9515.0767608,7929.230634,1585.8461268,0.4523999999999998,0.0753999999999999,0.1666666666666666
2017-07-01,Gaalkacyo,630641.6,126128.32,60502.893984,48576.846032,11926.047952,0.4796931726673279,0.0945548783334305,0.1971153306344956
2017-07-01,Galdogob,85807.70999999999,17161.541999999998,8120.841674399999,6514.521343199999,1606.3203311999996,0.4732,0.0935999999999999,0.1978021978021978
2017-07-01,Garbahaarey,91374.975,18274.995,7887.487842,6699.613167,1187.874675,0.4316,0.065,0.1506024096385542
2017-07-01,Garoowe,207534.915,41506.983,19024.629109200006,15697.506591,3327.122518200001,0.458347673913086,0.0801581391304687,0.1748850134792408
2017-07-01,Gebiley,146038.5,29207.7,9872.2026,7442.121959999999,2430.08064,0.338,0.0831999999999999,0.2461538461538461
2017-07-01,Hargeysa,1071923.705,214384.741,73445.88245800001,55654.83200680001,17791.050451200004,0.3425891325819686,0.0829865519729317,0.2422334630041896
2017-07-01,Hobyo,285434.37,57086.874,27013.508776800005,21670.177370400004,5343.3314064000015,0.4732,0.0936,0.1978021978021978
2017-07-01,Iskushuban,82588.86,16517.772,6699.608323200001,5583.006936000002,1116.6013872,0.4056,0.0676,0.1666666666666666
2017-07-01,Jalalaqsi,76346.775,15269.355,6550.5532950000015,5280.142959000002,1270.410336,0.4290000000000001,0.0832,0.1939393939393939
2017-07-01,Jamaame,169536.10499999998,33907.221,14634.356583600002,12430.3872186,2203.969365,0.4316000000000001,0.065,0.1506024096385542
2017-07-01,Jariiban,83205.71999999999,16641.143999999997,7874.589340799997,6316.978262399999,1557.611078399999,0.4731999999999999,0.0935999999999999,0.1978021978021978
2017-07-01,Jilib,103739.085,20747.817,8954.757817200001,7606.149712200001,1348.608105,0.4316000000000001,0.065,0.1506024096385542
2017-07-01,Jowhar,279295.785,55859.157,20623.200764400004,15975.718902,4647.481862400001,0.3692000000000001,0.0832,0.2253521126760564
2017-07-01,Kismaayo,228785.545,45757.109,19473.1682444,16514.556159400006,2958.612085,0.4255768922026957,0.0646590693699639,0.1519327542322664
2017-07-01,Kurtunwaarey,95730.255,19146.051,7068.722029199998,5475.770585999999,1592.9514432,0.3691999999999999,0.0832,0.2253521126760564
2017-07-01,Laas Caanood,170114.66999999998,34022.934,15038.136828000002,11499.751692000002,3538.385136000001,0.442,0.104,0.2352941176470588
2017-07-01,Laasqoray,186893.055,37378.611,16618.530450600007,13071.300266700006,3547.230183899999,0.4446000000000001,0.0948999999999999,0.2134502923976607
2017-07-01,Lughaye,70268.22,14053.643999999998,5334.7632624,4220.3092932,1114.4539692,0.3796,0.0793,0.2089041095890411
2017-07-01,Luuq,100476.765,20095.353000000006,8673.154354799999,7366.956409800001,1306.1979450000003,0.4315999999999998,0.065,0.1506024096385542
2017-07-01,Marka,282222.765,56444.55299999999,20839.328967599995,16143.142157999995,4696.1868096,0.3692,0.0832,0.2253521126760564
2017-07-01,Mogadishu,2077273.9450000003,415454.789,161739.17677320002,124196.91749400004,37542.259279200014,0.3893063241911504,0.0903642472615715,0.2321160526978811
2017-07-01,Owdweyne,78004.845,15600.969,5313.6900414,3995.4081609,1318.2818805000004,0.3406,0.0845,0.2480916030534351
2017-07-01,Qandala,75823.06499999999,15164.612999999998,6150.767032799999,5125.639193999999,1025.1278387999996,0.4055999999999999,0.0675999999999999,0.1666666666666666
2017-07-01,Qansax Dheere,123818.085,24763.617,8885.1857796,6116.613399,2768.5723806,0.3588,0.1117999999999999,0.3115942028985507
2017-07-01,Qardho,185616.89,37123.378,15267.6070768,12724.851204000002,2542.7558728,0.4112666438059597,0.0684947332325199,0.1665458024960481
2017-07-01,Qoryooley,196309.485,39261.897,14495.492372399996,11228.902541999994,3266.5898304,0.3691999999999998,0.0832,0.2253521126760564
2017-07-01,Rab Dhuure,35703.36,7140.672000000001,3471.7947264,2469.2443776,1002.5503488,0.4861999999999999,0.1403999999999999,0.2887700534759359
2017-07-01,Saakow,178339.81499999997,35667.963,15394.2928308,13075.875235799998,2318.417595,0.4316,0.065,0.1506024096385542
2017-07-01,Sablaale,62978.715,12595.743,4650.3483156,3602.3824979999995,1047.9658176,0.3692,0.0832,0.2253521126760563
2017-07-01,Sheikh,62404.28999999999,12480.858,4250.9802348,3196.3477338,1054.632501,0.3406,0.0845,0.2480916030534351
2017-07-01,Taleex,57175.47,11435.094,5054.311548,3865.061772,1189.249776,0.442,0.104,0.2352941176470588
2017-07-01,Tayeeglow,99175.77,19835.154,9643.8518748,6858.996253200001,2784.8556216,0.4861999999999999,0.1404,0.2887700534759358
2017-07-01,Waajid,85276.75499999999,17055.351000000002,8292.3116562,5897.7403758,2394.5712804,0.4861999999999999,0.1403999999999999,0.2887700534759358
2017-07-01,Wanla Weyn,227667.915,45533.583,16810.9988436,13022.604737999998,3788.3941056,0.3692,0.0832,0.2253521126760563
2017-07-01,Xarardheere,278193.50999999995,55638.70199999999,26328.233786400004,21120.451279199995,5207.782507199999,0.4732000000000002,0.0935999999999999,0.1978021978021977
2017-07-01,Xudun,42361.515,8472.303,3744.757926,2863.638414,881.1195119999999,0.442,0.1039999999999999,0.2352941176470588
2017-07-01,Xudur,113853.105,22770.621,11071.0759302,7874.080741799999,3196.9951884,0.4862,0.1404,0.2887700534759358
2017-07-01,Zeylac,64412.19,12882.438,4890.1734648,3868.5961314,1021.5773334,0.3796,0.0793,0.2089041095890411
