date,district,GAM Prevalence,next_prevalence,prevalence_diff,total population
2017-07-01,Zeylac,0.3796,0.1689999999999999,-0.2106000000000001,
2017-07-01,Burao,0.3359409653359994,,,
2017-07-01,Burtinle,0.4524000000000001,0.3795999999999999,-0.0728000000000002,
2017-07-01,Buuhoodle,0.3406000000000001,0.2027999999999999,-0.1378000000000002,
2017-07-01,Buur Hakaba,0.3588,0.2886,-0.0701999999999999,
2017-07-01,Cadale,0.3691999999999999,0.351,-0.0181999999999999,
2017-07-01,Caluula,0.4056,0.3432,-0.0624,
2017-07-01,Caynabo,0.442,0.2911999999999999,-0.1508000000000001,
2017-07-01,Ceel Afweyn,0.4446,0.3367,-0.1079,
2017-07-01,Ceel barde,0.4861999999999998,0.4861999999999998,0.0,
2017-07-01,Ceel Dheer,0.52,0.4211999999999999,-0.0988000000000001,
2017-07-01,Ceel Waaq,0.4315999999999999,0.3925999999999998,-0.039,
2017-07-01,Ceel Buur,0.52,0.4212,-0.0988,
2017-07-01,Ceerigaabo,0.4446,0.3367000000000001,-0.1078999999999998,
2017-07-01,Dhuusamarreeb,0.5273255872387238,0.4212,-0.1061255872387237,
2017-07-01,Diinsoor,0.3588,0.2886000000000001,-0.0701999999999999,
2017-07-01,Bulo Burto,0.429,0.3926,-0.0363999999999999,
2017-07-01,Doolow,0.4356257436740676,0.3926,-0.0430257436740675,
2017-07-01,Bu'aale,0.4316,0.3925999999999999,-0.039,
2017-07-01,Borama,0.3795999999999999,0.1690000000000001,-0.2105999999999998,
2017-07-01,Abudwak,0.5200000000000001,0.4212,-0.0988000000000001,
2017-07-01,Adado,0.5199999999999999,0.4212,-0.0987999999999998,
2017-07-01,Adan Yabaal,0.3692,0.3510000000000001,-0.0181999999999998,
2017-07-01,Afgooye,0.3692,0.351,-0.0181999999999999,
2017-07-01,Afmadow,0.4206678541919456,0.3925999999999999,-0.0280678541919456,
2017-07-01,Baardheere,0.4316,0.3925999999999999,-0.039,
2017-07-01,Badhaadhe,0.4316000000000001,0.3926,-0.039,
2017-07-01,Baidoa,0.3774023043398614,0.2886,-0.0888023043398613,
2017-07-01,Baki,0.3796,0.169,-0.2105999999999999,
2017-07-01,Balcad,0.3692,0.351,-0.0181999999999999,
2017-07-01,Bandarbeyla,0.4056,0.3432000000000001,-0.0623999999999999,
2017-07-01,Baraawe,0.3692000000000001,0.3510000000000001,-0.0181999999999999,
2017-07-01,Belethawa,0.4316000000000001,0.3926,-0.039,
2017-07-01,Belet Weyne,0.429,0.3926,-0.0363999999999999,
2017-07-01,Berbera,0.3387799937377845,0.1976,-0.1411799937377845,
2017-07-01,Bossaso,0.4160559934810628,0.3432,-0.0728559934810628,
2017-07-01,Eyl,0.4523999999999998,0.3795999999999999,-0.0727999999999999,
2017-07-01,Xudur,0.4862,0.4862,0.0,
2017-07-01,Galdogob,0.4732,0.4004,-0.0728,
2017-07-01,Owdweyne,0.3406,0.2028,-0.1378,
2017-07-01,Qandala,0.4055999999999999,0.3431999999999999,-0.0624,
2017-07-01,Qansax Dheere,0.3588,0.2886,-0.0701999999999999,
2017-07-01,Qardho,0.4112666438059597,0.3432,-0.0680666438059596,
2017-07-01,Qoryooley,0.3691999999999998,0.351,-0.0181999999999998,
2017-07-01,Rab Dhuure,0.4861999999999999,0.4861999999999999,0.0,
2017-07-01,Sablaale,0.3692,0.3510000000000001,-0.0181999999999998,
2017-07-01,Sheikh,0.3406,0.2028,-0.1378,
2017-07-01,Taleex,0.442,0.2912,-0.1508,
2017-07-01,Tayeeglow,0.4861999999999999,0.4861999999999999,0.0,
2017-07-01,Waajid,0.4861999999999999,0.4861999999999999,0.0,
2017-07-01,Wanla Weyn,0.3692,0.351,-0.0181999999999999,
2017-07-01,Xarardheere,0.4732000000000002,0.4004000000000001,-0.0728,
2017-07-01,Xudun,0.442,0.2912,-0.1508,
2017-07-01,Gaalkacyo,0.4796931726673279,0.4004,-0.0792931726673279,
2017-07-01,Mogadishu,0.3893063241911504,0.2912,-0.0981063241911504,
2017-07-01,Marka,0.3692,0.351,-0.0181999999999999,
2017-07-01,Saakow,0.4316,0.3925999999999999,-0.039,
2017-07-01,Lughaye,0.3796,0.169,-0.2105999999999999,
2017-07-01,Luuq,0.4315999999999998,0.3926,-0.0389999999999998,
2017-07-01,Garoowe,0.458347673913086,0.3795999999999999,-0.0787476739130861,
2017-07-01,Gebiley,0.338,0.1975999999999999,-0.1404000000000001,
2017-07-01,Hargeysa,0.3425891325819686,0.1975999999999999,-0.1449891325819687,
2017-07-01,Hobyo,0.4732,0.4003999999999999,-0.0728,
2017-07-01,Iskushuban,0.4056,0.3432,-0.0624,
2017-07-01,Jalalaqsi,0.4290000000000001,0.3925999999999999,-0.0364000000000002,
2017-07-01,Jamaame,0.4316000000000001,0.3926,-0.039,
2017-07-01,Garbahaarey,0.4316,0.3925999999999999,-0.039,
2017-07-01,Jilib,0.4316000000000001,0.3925999999999999,-0.0390000000000002,
2017-07-01,Jowhar,0.3692000000000001,0.351,-0.0182000000000001,
2017-07-01,Kismaayo,0.4255768922026957,0.3925999999999999,-0.0329768922026957,
2017-07-01,Kurtunwaarey,0.3691999999999999,0.3510000000000001,-0.0181999999999998,
2017-07-01,Laas Caanood,0.442,0.2911999999999999,-0.1508000000000001,
2017-07-01,Laasqoray,0.4446000000000001,0.3367,-0.1079000000000001,
2017-07-01,Jariiban,0.4731999999999999,0.4004,-0.0727999999999999,
2018-01-01,Burco,0.2028,0.2211366753028379,0.0183366753028378,99157.0
2018-01-01,Burtinle,0.3795999999999999,0.4927859267135329,0.113185926713533,453434.0
2018-01-01,Buuhoodle,0.2027999999999999,0.226129551832888,0.023329551832888,99157.0
2018-01-01,Buur Hakaba,0.2886,0.4846909879180319,0.1960909879180318,72825.0
2018-01-01,Cadale,0.351,0.2829201738380863,-0.0680798261619136,179997.0
2018-01-01,Caluula,0.3432,0.4507637375759017,0.1075637375759017,97441.0
2018-01-01,Caynabo,0.2911999999999999,0.2428031590674251,-0.0483968409325747,1044086.0
2018-01-01,Ceel Afweyn,0.3367,0.2906972787612182,-0.0460027212387817,498249.0
2018-01-01,Ceel Buur,0.4212,0.3602624374798162,-0.0609375625201838,98773.0
2018-01-01,Ceel Dheer,0.4211999999999999,0.3142399717243435,-0.1069600282756564,87386.0
2018-01-01,Ceel Waaq,0.3925999999999998,0.2770029164634731,-0.1155970835365267,71387.0
2018-01-01,Ceerigaabo,0.3367000000000001,0.3096083862495412,-0.0270916137504589,46901.0
2018-01-01,Dhuusamarreeb,0.4212,0.3909032104916541,-0.0302967895083459,226940.0
2018-01-01,Diinsoor,0.2886000000000001,0.4769534198876959,0.1883534198876958,53457.0
2018-01-01,Doolow,0.3926,0.5392512067568789,0.1466512067568788,33133.0
2018-01-01,Ceel barde,0.4861999999999998,,,113789.0
2018-01-01,Bulo Burto,0.3926,0.3908949717937982,-0.0017050282062018,195781.0
2018-01-01,Abudwak,0.4212,,,252497.0
2018-01-01,Bossaso,0.3432,0.482210605259551,0.139010605259551,15023.0
2018-01-01,Adado,0.4212,,,467020.0
2018-01-01,Adan Yabaal,0.3510000000000001,0.2789393906990287,-0.0720606093009714,51766.0
2018-01-01,Afgooye,0.351,0.384859060068862,0.033859060068862,62264.0
2018-01-01,Afmadow,0.3925999999999999,,,52515.0
2018-01-01,Baardheere,0.3925999999999999,0.2972606382668021,-0.0953393617331977,64346.0
2018-01-01,Badhaadhe,0.3926,0.3711192650605567,-0.0214807349394433,59092.0
2018-01-01,Baidoa,0.2886,,,68592.0
2018-01-01,Baki,0.169,0.2761092768701464,0.1071092768701464,209904.0
2018-01-01,Balcad,0.351,0.3580405856281527,0.0070405856281527,377473.0
2018-01-01,Bandarbeyla,0.3432000000000001,0.499901764184284,0.1567017641842839,72580.0
2018-01-01,Baraawe,0.3510000000000001,0.3785774588022779,0.0275774588022778,69851.0
2018-01-01,Belethawa,0.3926,,,74373.0
2018-01-01,Belet Weyne,0.3926,0.4637281725694139,0.0711281725694139,33448.0
2018-01-01,Berbera,0.1976,0.2949701973955382,0.0973701973955382,111449.0
2018-01-01,Borama,0.1690000000000001,0.2406251937071188,0.0716251937071187,77426.0
2018-01-01,Bu'aale,0.3925999999999999,0.4125181113098476,0.0199181113098477,66070.0
2018-01-01,Gaalkacyo,0.4004,0.4668580324895174,0.0664580324895174,72923.0
2018-01-01,Eyl,0.3795999999999999,0.456573523755734,0.0769735237557341,99941.0
2018-01-01,Garbahaarey,0.3925999999999999,0.345678336354725,-0.0469216636452748,231851.0
2018-01-01,Qardho,0.3432,0.5372761677527557,0.1940761677527556,90880.0
2018-01-01,Qoryooley,0.351,0.4363798525409664,0.0853798525409664,100263.0
2018-01-01,Rab Dhuure,0.4861999999999999,,,35879.0
2018-01-01,Saakow,0.3925999999999999,0.3717999999999999,-0.0207999999999999,183233.0
2018-01-01,Sablaale,0.3510000000000001,0.4309610549243231,0.0799610549243229,61428.0
2018-01-01,Taleex,0.2912,0.2547557920787028,-0.0364442079212972,156220.0
2018-01-01,Tayeeglow,0.4861999999999999,0.3502607787971933,-0.1359392212028066,191431.0
2018-01-01,Waajid,0.4861999999999999,0.4748949097855825,-0.0113050902144173,56743.0
2018-01-01,Wanla Weyn,0.351,0.3788174337777663,0.0278174337777663,188548.0
2018-01-01,Xarardheere,0.4004000000000001,0.3447106682656731,-0.055689331734327,180336.0
2018-01-01,Xudun,0.2912,0.2431695325710332,-0.0480304674289668,207773.0
2018-01-01,Xudur,0.4862,0.4689020964811947,-0.0172979035188053,20213.0
2018-01-01,Zeylac,0.1689999999999999,0.4330650433619875,0.2640650433619875,66459.0
2018-01-01,Mogadishu,0.2912,,,515337.0
2018-01-01,Galdogob,0.4004,0.4695085383288688,0.0691085383288688,129759.0
2018-01-01,Qansax Dheere,0.2886,0.5092847348131929,0.2206847348131929,139564.0
2018-01-01,Qandala,0.3431999999999999,0.4649012053458273,0.1217012053458274,61939.0
2018-01-01,Sheikh,0.2028,0.2505864840856458,0.0477864840856458,50827.0
2018-01-01,Marka,0.351,0.3971406259324205,0.0461406259324205,32986.0
2018-01-01,Owdweyne,0.2028,0.2303423878316652,0.0275423878316651,51734.0
2018-01-01,Gebiley,0.1975999999999999,0.2443191130723181,0.0467191130723182,69575.0
2018-01-01,Hargeysa,0.1975999999999999,0.2386485041615721,0.0410485041615722,79232.0
2018-01-01,Hobyo,0.4003999999999999,0.3354148794445133,-0.0649851205554866,101133.0
2018-01-01,Iskushuban,0.3432,0.4846457772814762,0.1414457772814761,71052.0
2018-01-01,Jalalaqsi,0.3925999999999999,0.3858321287337016,-0.0067678712662982,39782.0
2018-01-01,Jamaame,0.3926,0.4077438698894172,0.0151438698894171,56310.0
2018-01-01,Jariiban,0.4004,0.4050420526164857,0.0046420526164857,121988.0
2018-01-01,Garoowe,0.3795999999999999,0.5170266990935967,0.1374266990935967,40676.0
2018-01-01,Jowhar,0.351,0.3830459721840857,0.0320459721840857,78011.0
2018-01-01,Kismaayo,0.3925999999999999,0.4685498464822668,0.0759498464822668,148588.0
2018-01-01,Kurtunwaarey,0.3510000000000001,0.4461179568825337,0.0951179568825336,59940.0
2018-01-01,Laas Caanood,0.2911999999999999,0.2293654902134254,-0.0618345097865745,2228463.0
2018-01-01,Laasqoray,0.3367,0.2261999999999999,-0.1105000000000001,164086.0
2018-01-01,Lughaye,0.169,0.4196119285022721,0.2506119285022721,45956.0
2018-01-01,Luuq,0.3926,0.4123022966960434,0.0197022966960433,61242.0
2018-01-01,Jilib,0.3925999999999999,0.4060356888423295,0.0134356888423295,377653.0
2018-07-01,Burtinle,0.4927859267135329,0.4133399855287525,-0.0794459411847803,99157.0
2018-07-01,Buuhoodle,0.226129551832888,0.188847667729668,-0.03728188410322,453434.0
2018-07-01,Buur Hakaba,0.4846909879180319,0.47037719442215,-0.0143137934958819,99157.0
2018-07-01,Cabudwaaq,0.4299665440197571,0.3232371835699271,-0.10672936044983,72825.0
2018-07-01,Cadaado,0.4263710655123516,0.3305779447408884,-0.0957931207714631,50827.0
2018-07-01,Cadale,0.2829201738380863,0.397642761583422,0.1147225877453356,32986.0
2018-07-01,Caluula,0.4507637375759017,0.5231865541625861,0.0724228165866843,51735.0
2018-07-01,Ceel Buur,0.3602624374798162,0.3168079047398306,-0.0434545327399855,69574.0
2018-07-01,Ceel Afweyn,0.2906972787612182,0.4201611561308622,0.129463877369644,79231.0
2018-07-01,Ceel Barde,0.34701491572768,0.523846379837409,0.176831464109729,2228463.0
2018-07-01,Ceel Dheer,0.3142399717243435,0.3237222467082124,0.0094822749838689,15023.0
2018-07-01,Ceel Waaq,0.2770029164634731,0.3215618498962238,0.0445589334327506,467020.0
2018-07-01,Ceerigaabo,0.3096083862495412,0.4231594017049179,0.1135510154553767,51766.0
2018-07-01,Dhuusamarreeb,0.3909032104916541,0.3069711905400723,-0.0839320199515817,62264.0
2018-07-01,Burco,0.2211366753028379,0.1770356571398554,-0.0441010181629825,52515.0
2018-07-01,Caynabo,0.2428031590674251,0.3464523514753054,0.1036491924078802,64346.0
2018-07-01,Bulo Burto,0.3908949717937982,0.470453127878576,0.0795581560847778,515337.0
2018-07-01,Adan Yabaal,0.2789393906990287,0.3959736631857278,0.1170342724866991,129760.0
2018-07-01,Bossaso,0.482210605259551,0.3942170096006928,-0.0879935956588582,139564.0
2018-07-01,Afgooye,0.384859060068862,0.4383403468241347,0.0534812867552726,61939.0
2018-07-01,Afmadow/Xagar,0.3680877161916911,0.3567363956871535,-0.0113513205045376,111450.0
2018-07-01,Baardheere,0.2972606382668021,0.2870882907046133,-0.0101723475621888,77426.0
2018-07-01,Badhaadhe,0.3711192650605567,0.2330307158506623,-0.1380885492098944,66069.0
2018-07-01,Badhan,0.2262,0.3022354694485842,0.0760354694485841,72923.0
2018-07-01,Baki,0.2761092768701464,0.3124852051578765,0.03637592828773,99941.0
2018-07-01,Balcad,0.3580405856281527,0.4256324032458843,0.0675918176177315,101133.0
2018-07-01,Bu'aale,0.4125181113098476,0.31831560695452,-0.0942025043553276,71052.0
2018-07-01,Banadir,0.4555156517242613,0.4292576344574564,-0.0262580172668048,39783.0
2018-07-01,Baraawe,0.3785774588022779,0.439931798183591,0.0613543393813131,56311.0
2018-07-01,Baydhaba,0.6333880388856111,0.4723126687951987,-0.1610753700904124,121988.0
2018-07-01,Baydhaba/Bardaale,0.5205311542390195,0.4706401766004416,-0.0498909776385779,40676.0
2018-07-01,Belet Weyne,0.4637281725694139,0.4709482336256127,0.0072200610561988,231850.0
2018-07-01,Belet Xaawo,0.3942363701220913,0.4070600258586147,0.0128236557365234,90880.0
2018-07-01,Berbera,0.2949701973955382,0.2657364311048932,-0.029233766290645,100263.0
2018-07-01,Borama,0.2406251937071188,0.204456465641011,-0.0361687280661078,164086.0
2018-07-01,Bandarbeyla,0.499901764184284,0.3786044640745989,-0.121297300109685,45955.0
2018-07-01,Doolow,0.5392512067568789,0.3983778863086515,-0.1408733204482273,61242.0
2018-07-01,Diinsoor,0.4769534198876959,0.4709407002848428,-0.0060127196028531,377653.0
2018-07-01,Gaalkacyo,0.4668580324895174,0.3939217335250711,-0.0729362989644463,191431.0
2018-07-01,Qandala,0.4649012053458273,0.4847031486728068,0.0198019433269794,56744.0
2018-07-01,Qansax Dheere,0.5092847348131929,0.4706401766004414,-0.0386445582127515,188547.0
2018-07-01,Qardho,0.5372761677527557,0.4087521426316601,-0.1285240251210955,180336.0
2018-07-01,Qoryooley,0.4363798525409664,0.4388574958395,0.0024776432985336,207773.0
2018-07-01,Saakow,0.3717999999999999,0.3836149906890133,0.0118149906890133,20212.0
2018-07-01,Saakow/Salagle,0.3922946898077266,0.3014139973234372,-0.0908806924842893,66459.0
2018-07-01,Sablaale,0.4309610549243231,0.4365207106198354,0.0055596556955123,78010.0
2018-07-01,Sheikh,0.2505864840856458,0.2526659184696406,0.0020794343839947,148587.0
2018-07-01,Taleex,0.2547557920787028,0.3787844823934796,0.1240286903147768,59941.0
2018-07-01,Tayeeglow,0.3502607787971933,0.4731941786256158,0.1229333998284225,35878.0
2018-07-01,Waajid,0.4748949097855825,0.4792888339084379,0.0043939241228553,183234.0
2018-07-01,Wanla Weyn,0.3788174337777663,0.4417324945420314,0.0629150607642651,61427.0
2018-07-01,Xarardheere,0.3447106682656731,0.3440937497588239,-0.0006169185068491,156220.0
2018-07-01,Xudun,0.2431695325710332,0.3499931256730363,0.1068235931020031,377473.0
2018-07-01,Xudur,0.4689020964811947,0.48161201917032,0.0127099226891252,72579.0
2018-07-01,Zeylac,0.4330650433619875,0.2939877424871059,-0.1390773008748815,69851.0
2018-07-01,Eyl,0.456573523755734,0.3843661195946408,-0.0722074041610932,74373.0
2018-07-01,Owdweyne,0.2303423878316652,0.2072939133886237,-0.0230484744430414,33447.0
2018-07-01,Marka,0.3971406259324205,0.4356751207813825,0.0385344948489619,59092.0
2018-07-01,Laasqoray,0.2261999999999999,0.3817815509494871,0.1555815509494872,68592.0
2018-07-01,Lughaye,0.4196119285022721,0.2962807470311721,-0.1233311814711,209904.0
2018-07-01,Galdogob,0.4695085383288688,0.4017369795363936,-0.0677715587924752,113789.0
2018-07-01,Garbahaarey,0.345678336354725,0.3582420806274685,0.0125637442727434,195781.0
2018-07-01,Garoowe,0.5170266990935967,0.3790731071095702,-0.1379535919840264,252497.0
2018-07-01,Gebiley,0.2443191130723181,0.195572345649635,-0.0487467674226831,46901.0
2018-07-01,Hargeysa,0.2386485041615721,0.1951645146346709,-0.0434839895269011,226941.0
2018-07-01,Iskushuban,0.4846457772814762,0.4239158201206688,-0.0607299571608073,53457.0
2018-07-01,Jalalaqsi,0.3858321287337016,0.4698845151234747,0.084052386389773,33133.0
2018-07-01,Jamaame,0.4077438698894172,0.3149404261361454,-0.0928034437532717,498248.0
2018-07-01,Hobyo,0.3354148794445133,0.3520726565695597,0.0166577771250464,98774.0
2018-07-01,Jilib,0.4060356888423295,0.3157056116630282,-0.0903300771793013,87385.0
2018-07-01,Jowhar,0.3830459721840857,0.4361091139158288,0.053063141731743,71386.0
2018-07-01,Kismaayo,0.4685498464822668,0.3096236699207461,-0.1589261765615207,179997.0
2018-07-01,Kurtunwaarey,0.4461179568825337,0.4391758387432182,-0.0069421181393155,97441.0
2018-07-01,Laas Caanood,0.2293654902134254,0.3237610476395274,0.094395557426102,1044086.0
2018-07-01,Laasqoray/Badhan,0.3337234329786193,0.4904449978933187,0.1567215649146994,99156.511924614
2018-07-01,Jariiban,0.4050420526164857,0.3547174345570384,-0.0503246180594472,453433.5705113778
2018-07-01,Luuq,0.4123022966960434,0.4097136186539254,-0.0025886780421179,99156.511924614
2019-01-01,Caluula,0.5231865541625861,0.4710581502935269,-0.0521284038690592,72825.10892154372
2019-01-01,Burtinle,0.4133399855287525,0.3848427803948877,-0.0284972051338648,50826.922426099656
2019-01-01,Buuhoodle,0.188847667729668,0.3121385033565494,0.1232908356268814,32985.89249446174
2019-01-01,Buur Hakaba,0.47037719442215,0.5490683229813665,0.0786911285592165,51734.09343957278
2019-01-01,Cabudwaaq,0.3232371835699271,0.3728535271691253,0.0496163435991982,69575.12337121068
2019-01-01,Cadaado,0.3305779447408884,0.3520109308137275,0.021432986072839,79231.76914493041
2019-01-01,Cadale,0.397642761583422,0.3368835013608263,-0.0607592602225957,2228463.313873727
2019-01-01,Dhuusamarreeb,0.3069711905400723,0.350049306671516,0.0430781161314436,15022.505537564746
2019-01-01,Ceel Barde,0.523846379837409,0.5293849399339471,0.005538560096538,467020.202029273
2019-01-01,Ceel Buur,0.3168079047398306,0.3777466079633201,0.0609387032234894,51765.54720916555
2019-01-01,Ceel Dheer,0.3237222467082124,0.302048788800896,-0.0216734579073164,62263.5591153372
2019-01-01,Ceel Waaq,0.3215618498962238,0.4894280635303719,0.1678662136341481,52515.40520246352
2019-01-01,Ceerigaabo,0.4231594017049179,0.3969125115565767,-0.0262468901483411,64346.45962826008
2019-01-01,Burco,0.1770356571398554,0.2998339565222233,0.1227982993823678,515337.07436101953
2019-01-01,Diinsoor,0.4709407002848428,0.5512844916157692,0.0803437913309264,129759.02384671407
2019-01-01,Ceel Afweyn,0.4201611561308622,0.4022499807716035,-0.0179111753592586,139564.3460664642
2019-01-01,Bulo Burto,0.470453127878576,0.5898451672177014,0.1193920393391254,61938.87849344224
2019-01-01,Baydhaba,0.4723126687951987,0.5737354286751378,0.1014227598799391,111449.17451697268
2019-01-01,Bossaso,0.3942170096006928,0.3081383281834315,-0.0860786814172612,77426.3080988209
2019-01-01,Adan Yabaal,0.3959736631857278,0.3406226826633605,-0.0553509805223673,66069.73342448812
2019-01-01,Afgooye,0.4383403468241347,0.462159131461528,0.0238187846373932,72923.28166112433
2019-01-01,Afmadow/Xagar,0.3567363956871535,0.5119018086833421,0.1551654129961886,99941.44028730367
2019-01-01,Baardheere,0.2870882907046133,0.5213965829380455,0.2343082922334322,101132.70882160284
2019-01-01,Badhaadhe,0.2330307158506623,0.4823586641167936,0.2493279482661313,71051.67497693517
2019-01-01,Badhan,0.3022354694485842,0.26208,-0.0401554694485842,39782.22182364527
2019-01-01,Baki,0.3124852051578765,0.3180265223059977,0.0055413171481212,56310.36134752707
2019-01-01,Balcad,0.4256324032458843,0.4207892941616012,-0.004843109084283,121987.57856052738
2019-01-01,Banadir,0.4292576344574564,0.4536122788198948,0.0243546443624383,40675.63477088211
2019-01-01,Bandarbeyla,0.3786044640745989,0.3730940069179668,-0.0055104571566321,231850.5809215716
2019-01-01,Baraawe,0.439931798183591,0.4680395945111392,0.0281077963275481,90880.01596748602
2019-01-01,Baydhaba/Bardaale,0.4706401766004416,0.5490683229813665,0.0784281463809249,100262.70714634696
2019-01-01,Belet Weyne,0.4709482336256127,0.5868054618205713,0.1158572281949585,164086.06642208935
2019-01-01,Belet Weyne (Mataban),0.4780423280423281,0.6739054290718038,0.1958631010294757,45955.77503381839
2019-01-01,Belet Xaawo,0.4070600258586147,0.5172155129757019,0.1101554871170871,61241.84415452506
2019-01-01,Berbera,0.2657364311048932,0.2430326560610348,-0.0227037750438584,377653.3312260424
2019-01-01,Borama,0.204456465641011,0.2736328112610178,0.0691763456200068,191430.83595608792
2019-01-01,Bu'aale,0.31831560695452,0.5163749201445982,0.1980593131900782,56743.49512043875
2019-01-01,Doolow,0.3983778863086515,0.5545845681860391,0.1562066818773875,188546.8622552998
2019-01-01,Caynabo,0.3464523514753054,0.3738642018133994,0.027411850338094,180335.6358725136
2019-01-01,Galdogob,0.4017369795363936,0.3845598383707495,-0.0171771411656441,207773.35359388735
2019-01-01,Qandala,0.4847031486728068,0.4662120199606611,-0.0184911287121457,20213.16157712225
2019-01-01,Qansax Dheere,0.4706401766004414,0.5490683229813664,0.078428146380925,66458.64225526834
2019-01-01,Qardho,0.4087521426316601,0.3450721294564353,-0.0636800131752248,78010.51320069526
2019-01-01,Qoryooley,0.4388574958395,0.4647070601850455,0.0258495643455454,148587.5543244151
2019-01-01,Saakow,0.3836149906890133,0.4181286549707602,0.0345136642817469,59940.06305790711
2019-01-01,Saakow/Salagle,0.3014139973234372,0.5116476181559747,0.2102336208325375,35879.125006250986
2019-01-01,Sablaale,0.4365207106198354,0.4578215216645919,0.0213008110447565,183232.62183404109
2019-01-01,Owdweyne,0.2072939133886237,0.3310823852137992,0.1237884718251754,61428.001628669226
2019-01-01,Sheikh,0.2526659184696406,0.311807882954238,0.0591419644845974,156219.50041752722
2019-01-01,Tayeeglow,0.4731941786256158,0.5481180166869125,0.0749238380612967,377472.8691812072
2019-01-01,Waajid,0.4792888339084379,0.5458546307673043,0.0665657968588664,72579.72676632993
2019-01-01,Wanla Weyn,0.4417324945420314,0.4732566779470763,0.0315241834050449,69851.37649863526
2019-01-01,Xarardheere,0.3440937497588239,0.2395519799571875,-0.1045417698016364,74372.89046628447
2019-01-01,Xudun,0.3499931256730363,0.3752507299375622,0.0252576042645258,33447.63645086472
2019-01-01,Xudur,0.48161201917032,0.5457788588250408,0.0641668396547208,59091.89022487178
2019-01-01,Eyl,0.3843661195946408,0.389948051145162,0.0055819315505212,68592.70274749439
2019-01-01,Taleex,0.3787844823934796,0.3972102948995347,0.018425812506055,209903.80300784105
2019-01-01,Marka,0.4356751207813825,0.4539589601919299,0.0182838394105473,113788.8006486762
2019-01-01,Zeylac,0.2939877424871059,0.2649276406311697,-0.0290601018559362,195780.6408246796
2019-01-01,Lughaye,0.2962807470311721,0.2659179435275348,-0.0303628035036372,252496.8009464263
2019-01-01,Luuq,0.4097136186539254,0.500413842160481,0.0907002235065556,46900.80320994161
2019-01-01,Garbahaarey,0.3582420806274685,0.5554649634831142,0.1972228828556457,226940.32672941327
2019-01-01,Garoowe,0.3790731071095702,0.3712592237262992,-0.0078138833832709,53456.811257261375
2019-01-01,Gebiley,0.195572345649635,0.2418992297764819,0.0463268841268469,33133.18631057008
2019-01-01,Hargeysa,0.1951645146346709,0.2213906679944643,0.0262261533597933,498248.650657556
2019-01-01,Hobyo,0.3520726565695597,0.3487584354785739,-0.0033142210909858,98772.9922216596
2019-01-01,Iskushuban,0.4239158201206688,0.4394605539382136,0.0155447338175447,87385.56574216185
2019-01-01,Jalalaqsi,0.4698845151234747,0.5921047430628529,0.1222202279393782,71386.5516097911
2019-01-01,Gaalkacyo,0.3939217335250711,0.3602422105460542,-0.0336795229790168,179997.20297721773
2019-01-01,Jariiban,0.3547174345570384,0.3501107168133883,-0.0046067177436501,97440.90188899483
2019-01-01,Jilib,0.3157056116630282,0.5113327705575001,0.1956271588944719,1044086.4877006176
2019-01-01,Jowhar,0.4361091139158288,0.4607258650079849,0.0246167510921561,37859.154953401936
2019-01-01,Kismaayo,0.3096236699207461,0.412029161025459,0.1024054911047129,262835.8188681545
2019-01-01,Kurtunwaarey,0.4391758387432182,0.4656396293608185,0.0264637906176002,180756.29518407176
2019-01-01,Laas Caanood,0.3237610476395274,0.3366077651757097,0.0128467175361822,122284.68350495162
2019-01-01,Laasqoray,0.3817815509494871,0.3657972542777379,-0.0159842966717492,41293.78545781948
2019-01-01,Jamaame,0.3149404261361454,0.532680040708361,0.2177396145722155,26612.36163714786
2019-01-01,Laasqoray/Badhan,0.4904449978933187,0.4782702779729368,-0.0121747199203818,99262.17263864214
2019-07-01,Laasqoray/Badhan,0.4782702779729368,,,211434.1247319937
2019-07-01,Laasqoray,0.3657972542777379,0.4164773384659096,0.0506800841881717,1650228.0
2019-07-01,Laas Caanood,0.3366077651757097,0.3761680108430838,0.0395602456673741,14286.58526534636
2019-07-01,Kurtunwaarey,0.4656396293608185,0.4452618351340643,-0.0203777942267541,71451.00452711528
2019-07-01,Kismaayo,0.412029161025459,0.3769676308818636,-0.0350615301435954,271288.5935653316
2019-07-01,Jowhar,0.4607258650079849,0.4462076309782391,-0.0145182340297457,178680.20288903484
2019-07-01,Jamaame,0.532680040708361,0.4403832811966767,-0.0922967595116842,222898.05826843024
2019-07-01,Jariiban,0.3501107168133883,0.4090915108402051,0.0589807940268168,34312.847078664454
2019-07-01,Lughaye,0.2659179435275348,0.3084001655970627,0.0424822220695279,80263.42747402092
2019-07-01,Jalalaqsi,0.5921047430628529,0.4735042553650304,-0.1186004876978225,178810.11668822702
2019-07-01,Iskushuban,0.4394605539382136,0.3383899894950222,-0.1010705644431914,397759.659833392
2019-07-01,Hobyo,0.3487584354785739,0.3706782212839118,0.0219197858053379,474784.6404434893
2019-07-01,Hargeysa,0.2213906679944643,0.2029943156263941,-0.0183963523680701,102232.682999872
2019-07-01,Gebiley,0.2418992297764819,0.2667717736348647,0.0248725438583828,126308.10395590446
2019-07-01,Jilib,0.5113327705575001,0.3909294797509632,-0.1204032908065369,440966.7506063085
2019-07-01,Luuq,0.500413842160481,0.3829595838278671,-0.1174542583326139,61401.072470727006
2019-07-01,Qardho,0.3450721294564353,0.3964549089065016,0.0513827794500663,114678.62295159738
2019-07-01,Owdweyne,0.3310823852137992,0.2163547982087805,-0.1147275870050186,128204.6513460276
2019-07-01,Garoowe,0.3712592237262992,0.2932033874905685,-0.0780558362357307,148952.26299964866
2019-07-01,Zeylac,0.2649276406311697,0.3136157179811676,0.0486880773499979,108059.64692015851
2019-07-01,Xudur,0.5457788588250408,0.549549493748511,0.0037706349234701,83698.7844852664
2019-07-01,Xudun,0.3752507299375622,0.3569833355614147,-0.0182673943761474,49878.02246678231
2019-07-01,Xarardheere,0.2395519799571875,0.3962781291497199,0.1567261491925324,38882.923681135246
2019-07-01,Wanla Weyn,0.4732566779470763,0.4147038987749591,-0.0585527791721172,119189.63988343433
2019-07-01,Waajid,0.5458546307673043,0.5312342103332384,-0.0146204204340659,62204.20387382111
2019-07-01,Tayeeglow,0.5481180166869125,0.5185117637649114,-0.0296062529220011,75284.97791694281
2019-07-01,Taleex,0.3972102948995347,0.3772534798111706,-0.0199568150883641,103004.37800500816
2019-07-01,Sablaale,0.4578215216645919,0.4587764880148566,0.0009549663502647,42841.35404644698
2019-07-01,Saakow/Salagle,0.5116476181559747,,,186214.57602082423
2019-07-01,Saakow,0.4181286549707602,0.4082173073829072,-0.009911347587853,134132.73415617252
2019-07-01,Qoryooley,0.4647070601850455,0.4443390921876267,-0.0203679679974188,144645.3749179251
2019-07-01,Qansax Dheere,0.5490683229813664,0.6480009367515506,0.0989326137701841,70367.24202467134
2019-07-01,Qandala,0.4662120199606611,0.4205569846330418,-0.0456550353276192,92352.216683081
2019-07-01,Marka,0.4539589601919299,0.4637137550163429,0.0097547948244129,420293.0224489165
2019-07-01,Sheikh,0.311807882954238,0.2081401693223537,-0.1036677136318842,96228.94625799869
2019-07-01,Garbahaarey,0.5554649634831142,0.4048338368195087,-0.1506311266636055,150445.26937163374
2019-07-01,Gaalkacyo,0.3602422105460542,0.4778162642037701,0.1175740536577159,238943.83260569465
2019-07-01,Borama,0.2736328112610178,0.2138712946350238,-0.0597615166259939,103448.69292549856
2019-07-01,Berbera,0.2430326560610348,0.2324431385911439,-0.0105895174698908,959744.1903862744
2019-07-01,Belet Xaawo,0.5172155129757019,0.4081442057063084,-0.1090713072693935,90079.84358712788
2019-07-01,Belet Weyne (Mataban),0.6739054290718038,,,60361.40289872798
2019-07-01,Belet Weyne,0.5868054618205713,0.4954915340016362,-0.091313927818935,137166.99069700082
2019-07-01,Baydhaba/Bardaale,0.5490683229813665,,,72274.03765624086
2019-07-01,Baydhaba,0.5737354286751378,,,77164.65979907343
2019-07-01,Baraawe,0.4680395945111392,0.4454830625784129,-0.0225565319327262,177363.81212203606
2019-07-01,Bossaso,0.3081383281834315,0.4283242181220916,0.12018588993866,183042.93582933792
2019-07-01,Bandarbeyla,0.3730940069179668,0.3243528970286548,-0.048741109889312,194982.61424177085
2019-07-01,Balcad,0.4207892941616012,0.3899254108022901,-0.0308638833593111,257277.9921167836
2019-07-01,Baki,0.3180265223059977,0.2441924314943121,-0.0738340908116856,220788.33591955536
2019-07-01,Badhan,0.26208,,,53800.5744763104
2019-07-01,Badhaadhe,0.4823586641167936,0.3489569935965541,-0.1334016705202395,158305.84798228322
2019-07-01,Baardheere,0.5213965829380455,0.2484368223141074,-0.272959760623938,99442.45554944112
2019-07-01,Afgooye,0.462159131461528,0.4492225378213771,-0.0129365936401508,42201.02354780796
2019-07-01,Adan Yabaal,0.3406226826633605,0.3126112111904077,-0.0280114714729527,197917.20494918805
2019-07-01,Galdogob,0.3845598383707495,0.4646904136201208,0.0801305752493713,99751.78651328415
2019-07-01,Banadir,0.4536122788198948,0.4512394733904072,-0.0023728054294875,50358.19680656703
2019-07-01,Bu'aale,0.5163749201445982,0.3994682200116711,-0.116906700132927,69363.1772816809
2019-07-01,Afmadow/Xagar,0.5119018086833421,,,80478.15211908707
2019-07-01,Burco,0.2998339565222233,0.1798890136234226,-0.1199449428988006,282277.1749967973
2019-07-01,Bulo Burto,0.5898451672177014,0.4798138405125635,-0.1100313267051379,14000.0
2019-07-01,Eyl,0.389948051145162,0.3279739567099389,-0.0619740944352231,69325.1698295153
2019-07-01,Diinsoor,0.5512844916157692,0.631234351243638,0.0799498596278688,24953.239247136426
2019-07-01,Dhuusamarreeb,0.350049306671516,0.4195523751616953,0.0695030684901792,65965.83992880996
2019-07-01,Ceerigaabo,0.3969125115565767,0.3959349225046938,-0.0009775890518828,38521.922596223885
2019-07-01,Ceel Waaq,0.4894280635303719,0.2898932988948713,-0.1995347646355005,62826.76428427834
2019-07-01,Ceel Dheer,0.302048788800896,0.3728953651323323,0.0708465763314363,122373.31931054375
2019-07-01,Ceel Buur,0.3777466079633201,0.4128893068350834,0.0351426988717633,105508.44272316828
2019-07-01,Ceel Barde,0.5293849399339471,0.6338574120659726,0.1044724721320254,34095.52790194442
2019-07-01,Doolow,0.5545845681860391,0.4261285631981143,-0.1284560049879247,29233.817803085487
2019-07-01,Caynabo,0.3738642018133994,0.3650665187072713,-0.0087976831061281,119822.71253135678
2019-07-01,Caluula,0.4710581502935269,0.4918983277534718,0.0208401774599449,76799.71197431434
2019-07-01,Cadale,0.3368835013608263,0.3083621800244197,-0.0285213213364066,37859.154953401936
2019-07-01,Cadaado,0.3520109308137275,0.4486568197838627,0.0966458889701352,262835.8188681545
2019-07-01,Cabudwaaq,0.3728535271691253,0.4257411293474653,0.0528876021783399,180756.29518407176
2019-07-01,Buur Hakaba,0.5490683229813665,0.6211723936273237,0.0721040706459571,122284.68350495162
2019-07-01,Buuhoodle,0.3121385033565494,0.2280735519390103,-0.0840649514175391,41293.78545781948
2019-07-01,Ceel Afweyn,0.4022499807716035,0.4017099370835031,-0.0005400436881004,26612.36163714786
2019-07-01,Burtinle,0.3848427803948877,0.3607539512669208,-0.0240888291279668,99262.17263864214
2020-01-01,Qansax Dheere,0.6480009367515506,0.4244430093639005,-0.22355792738765,211434.1247319937
2020-01-01,Cabudwaaq,0.4257411293474653,0.3608793180798564,-0.0648618112676088,1650228.0
2020-01-01,Cadaado,0.4486568197838627,0.3380690991281885,-0.1105877206556741,14286.58526534636
2020-01-01,Ceel Buur,0.4128893068350834,0.3266989556530952,-0.0861903511819882,71451.00452711528
2020-01-01,Ceel Dheer,0.3728953651323323,0.2858416181007885,-0.0870537470315437,271288.5935653316
2020-01-01,Dhuusamarreeb,0.4195523751616953,0.3225435261156694,-0.0970088490460259,178680.20288903484
2020-01-01,Baardheere,0.2484368223141074,0.2304840065259306,-0.0179528157881768,222898.05826843024
2020-01-01,Garbahaarey,0.4048338368195087,0.3596606279203213,-0.0451732088991874,34312.847078664454
2020-01-01,Ceel Waaq,0.2898932988948713,0.2331280633404549,-0.0567652355544164,80263.42747402092
2020-01-01,Doolow,0.4261285631981143,0.3757435851904466,-0.0503849780076677,178810.11668822702
2020-01-01,Luuq,0.3829595838278671,0.3060848186846958,-0.0768747651431713,397759.659833392
2020-01-01,Belet Weyne,0.4954915340016362,0.4625835669613974,-0.0329079670402387,474784.6404434893
2020-01-01,Bulo Burto,0.4798138405125635,0.4556007922535211,-0.0242130482590423,102232.682999872
2020-01-01,Diinsoor,0.631234351243638,0.4420162648228424,-0.1892180864207956,126308.10395590446
2020-01-01,Jalalaqsi,0.4735042553650304,0.4544457188450606,-0.0190585365199698,440966.7506063085
2020-01-01,Belet Xaawo,0.4081442057063084,0.3524982406755805,-0.0556459650307278,61401.072470727006
2020-01-01,Buur Hakaba,0.6211723936273237,0.4157290382244143,-0.2054433554029093,114678.62295159738
2020-01-01,Waajid,0.5312342103332384,0.4367229608336327,-0.0945112494996056,128204.6513460276
2020-01-01,Qardho,0.3964549089065016,0.3997979640997746,0.0033430551932729,148952.26299964866
2020-01-01,Afmadow,0.3484296307635035,,,108059.64692015851
2020-01-01,Baki,0.2441924314943121,0.2082093691694821,-0.03598306232483,83698.7844852664
2020-01-01,Borama,0.2138712946350238,0.1412881669919613,-0.0725831276430624,49878.02246678231
2020-01-01,Lughaye,0.3084001655970627,0.2421965609399425,-0.0662036046571201,38882.923681135246
2020-01-01,Zeylac,0.3136157179811676,0.2477857878475798,-0.0658299301335878,119189.63988343433
2020-01-01,Ceel Barde,0.6338574120659726,0.4899163797343827,-0.1439410323315899,62204.20387382111
2020-01-01,Rab Dhuure,0.4879275725437716,0.4204941640139457,-0.0674334085298259,75284.97791694281
2020-01-01,Tayeeglow,0.5185117637649114,0.4117135401565671,-0.1067982236083442,103004.37800500816
2020-01-01,Xudur,0.549549493748511,0.4469897765997728,-0.1025597171487382,42841.35404644698
2020-01-01,Banadir,0.4512394733904072,0.464595584853251,0.0133561114628437,186214.57602082423
2020-01-01,Bandarbeyla,0.3243528970286548,0.3404326123128119,0.0160797152841571,134132.73415617252
2020-01-01,Bossaso,0.4283242181220916,0.4153248254892724,-0.0129993926328191,144645.3749179251
2020-01-01,Caluula,0.4918983277534718,0.4729064039408867,-0.0189919238125851,70367.24202467134
2020-01-01,Iskushuban,0.3383899894950222,0.3742070183891431,0.0358170288941209,92352.216683081
2020-01-01,Qandala,0.4205569846330418,0.4339712463105779,0.013414261677536,420293.0224489165
2020-01-01,Baidoa,0.6178577398003026,,,96228.94625799869
2020-01-01,Badhaadhe,0.3489569935965541,0.2639538679142639,-0.0850031256822901,150445.26937163374
2020-01-01,Baraawe,0.4454830625784129,0.4505242752665433,0.0050412126881304,238943.83260569465
2020-01-01,Kismaayo,0.3769676308818636,0.3619308628245356,-0.0150367680573279,103448.69292549856
2020-01-01,Eyl,0.3279739567099389,0.345604315497886,0.0176303587879471,959744.1903862744
2020-01-01,Garoowe,0.2932033874905685,0.3761939925204259,0.0829906050298573,90079.84358712788
2020-01-01,Ceel Afweyn,0.4017099370835031,0.2885139291677652,-0.1131960079157379,60361.40289872798
2020-01-01,Ceerigaabo,0.3959349225046938,0.2514301767289815,-0.1445047457757123,137166.99069700082
2020-01-01,Laasqoray,0.4164773384659096,,,72274.03765624086
2020-01-01,Laas Caanood,0.3761680108430838,0.1814135894950207,-0.1947544213480631,77164.65979907343
2020-01-01,Taleex,0.3772534798111706,0.2199045926480217,-0.1573488871631488,177363.81212203606
2020-01-01,Burtinle,0.3607539512669208,0.415721780335082,0.0549678290681612,183042.93582933792
2020-01-01,Xudun,0.3569833355614147,0.2022031084955485,-0.1547802270658662,194982.61424177085
2020-01-01,Buuhoodle,0.2280735519390103,0.1350544166033915,-0.0930191353356188,257277.9921167836
2020-01-01,Owdweyne,0.2163547982087805,0.132173714024146,-0.0841810841846345,220788.33591955536
2020-01-01,Sheikh,0.2081401693223537,0.1455487847587028,-0.0625913845636509,53800.5744763104
2020-01-01,Berbera,0.2324431385911439,0.1808939137198255,-0.0515492248713184,158305.84798228322
2020-01-01,Gebiley,0.2667717736348647,0.1675903119868637,-0.099181461648001,99442.45554944112
2020-01-01,Jamaame,0.4403832811966767,0.3833278902677988,-0.0570553909288779,42201.02354780796
2020-01-01,Hargeysa,0.2029943156263941,0.1277865307901176,-0.0752077848362765,197917.20494918805
2020-01-01,Burco,0.1798890136234226,0.0911891620672353,-0.0886998515561873,99751.78651328415
2020-01-01,Xarardheere,0.3962781291497199,0.3925848407833757,-0.0036932883663441,50358.19680656703
2020-01-01,Caynabo,0.3650665187072713,0.1939232409381663,-0.171143277769105,69363.1772816809
2020-01-01,Hobyo,0.3706782212839118,0.306084466714388,-0.0645937545695238,80478.15211908707
2020-01-01,Jariiban,0.4090915108402051,0.3512605042016806,-0.0578310066385245,282277.1749967973
2020-01-01,Kurtunwaarey,0.4452618351340643,0.4855604762788724,0.040298641144808,14000.0
2020-01-01,Marka,0.4637137550163429,0.4905037846230626,0.0267900296067197,69325.1698295153
2020-01-01,Qoryooley,0.4443390921876267,0.4801347611599085,0.0357956689722818,24953.239247136426
2020-01-01,Sablaale,0.4587764880148566,0.4933201385452746,0.034543650530418,65965.83992880996
2020-01-01,Bu'aale,0.3994682200116711,0.4118061786950391,0.012337958683368,38521.922596223885
2020-01-01,Jilib,0.3909294797509632,0.3881953090823434,-0.0027341706686198,62826.76428427834
2020-01-01,Wanla Weyn,0.4147038987749591,0.4289798374962383,0.0142759387212791,122373.31931054375
2020-01-01,Adan Yabaal,0.3126112111904077,0.2890189520624303,-0.0235922591279774,105508.44272316828
2020-01-01,Afgooye,0.4492225378213771,0.4582353863030873,0.0090128484817101,34095.52790194442
2020-01-01,Balcad,0.3899254108022901,0.3992414113024258,0.0093160005001357,29233.817803085487
2020-01-01,Cadale,0.3083621800244197,0.2905168905168905,-0.0178452895075291,119822.71253135678
2020-01-01,Jowhar,0.4462076309782391,0.4604083984124952,0.014200767434256,76799.71197431434
2020-01-01,Gaalkacyo,0.4778162642037701,0.4371415325518246,-0.0406747316519455,37859.154953401936
2020-01-01,Galdogob,0.4646904136201208,0.4141636814549462,-0.0505267321651746,262835.8188681545
2020-01-01,Saakow,0.4082173073829072,,,180756.29518407176
2020-07-01,Baardheere,0.2304840065259306,0.2388133498145859,0.0083293432886553,122284.68350495162
2020-07-01,Cadaado,0.3380690991281885,0.3458185340652244,0.0077494349370358,41293.78545781948
2020-07-01,Ceel Buur,0.3266989556530952,0.3598183881952327,0.0331194325421375,26612.36163714786
2020-07-01,Ceel Dheer,0.2858416181007885,0.2814535481659239,-0.0043880699348646,99262.17263864214
2020-07-01,Dhuusamarreeb,0.3225435261156694,0.3271635817908954,0.0046200556752259,211434.1247319937
2020-07-01,Belet Xaawo,0.3524982406755805,0.3835327234342012,0.0310344827586206,1650228.0
2020-07-01,Afmadow/Xagar,0.2780875765609288,0.3018436690537864,0.0237560924928575,14286.58526534636
2020-07-01,Doolow,0.3757435851904466,0.3641207815275311,-0.0116228036629155,71451.00452711528
2020-07-01,Garbahaarey,0.3596606279203213,0.3637295081967213,0.0040688802764,271288.5935653316
2020-07-01,Luuq,0.3060848186846958,0.3583282114320836,0.0522433927473878,178680.20288903484
2020-07-01,Belet Weyne,0.4625835669613974,0.2474660340737546,-0.2151175328876428,257210.9053470947
2020-07-01,Bulo Burto,0.4556007922535211,0.1980742778541953,-0.2575265143993258,80263.42747402092
2020-07-01,Jalalaqsi,0.4544457188450606,0.1947145350286711,-0.2597311838163895,178810.11668822702
2020-07-01,Qansax Dheere,0.4244430093639005,0.5084745762711864,0.0840315669072859,397759.659833392
2020-07-01,Ceel Waaq,0.2331280633404549,0.2664990571967316,0.0333709938562767,474784.6404434893
2020-07-01,Diinsoor,0.4420162648228424,0.492387605230163,0.0503713404073206,102232.682999872
2020-07-01,Baki,0.2082093691694821,0.2276853252647503,0.0194759560952682,126308.10395590446
2020-07-01,Baydhaba,0.4809737260837505,,,440966.7506063085
2020-07-01,Badhaadhe,0.2639538679142639,0.2774755168661588,0.0135216489518948,61401.072470727006
2020-07-01,Borama,0.1412881669919613,0.1912113359430997,0.0499231689511383,114678.62295159738
2020-07-01,Lughaye,0.2421965609399425,0.1896116994452849,-0.0525848614946576,128204.6513460276
2020-07-01,Zeylac,0.2477857878475798,0.1853759011328527,-0.062409886714727,148952.26299964866
2020-07-01,Ceel Barde,0.4899163797343827,0.58780127889818,0.0978848991637973,108059.64692015851
2020-07-01,Rab Dhuure,0.4204941640139457,0.5072024260803639,0.0867082620664182,83698.7844852664
2020-07-01,Tayeeglow,0.4117135401565671,0.4702754954084098,0.0585619552518427,49878.02246678231
2020-07-01,Buur Hakaba,0.4157290382244143,0.4955684007707129,0.0798393625462985,38882.923681135246
2020-07-01,Waajid,0.4367229608336327,0.4933524973050665,0.0566295364714337,119189.63988343433
2020-07-01,Banadir,0.464595584853251,0.4319770246468998,-0.0326185602063511,62204.20387382111
2020-07-01,Bandarbeyla,0.3404326123128119,0.2928452579034942,-0.0475873544093177,75284.97791694281
2020-07-01,Bossaso,0.4153248254892724,0.3622932391199615,-0.0530315863693109,103004.37800500816
2020-07-01,Caluula,0.4729064039408867,0.3592467407049734,-0.1136596632359132,42841.35404644698
2020-07-01,Iskushuban,0.3742070183891431,0.2954636692091529,-0.0787433491799902,186214.57602082423
2020-07-01,Qandala,0.4339712463105779,0.3550690147548786,-0.0789022315556992,134132.73415617252
2020-07-01,Qardho,0.3997979640997746,0.3539238539238539,-0.0458741101759206,144645.3749179251
2020-07-01,Xudur,0.4469897765997728,0.5317134742821079,0.0847236976823351,70367.24202467134
2020-07-01,Jamaame,0.3833278902677988,0.3061224489795918,-0.077205441288207,92352.216683081
2020-07-01,Cabudwaaq,0.3608793180798564,0.3746074472857784,0.0137281292059219,420293.0224489165
2020-07-01,Afgooye,0.4582353863030873,0.4841321666449001,0.0258967803418128,96228.94625799869
2020-07-01,Eyl,0.345604315497886,0.3083090379008746,-0.0372952775970114,150445.26937163374
2020-07-01,Garoowe,0.3761939925204259,0.3128870890900428,-0.063306903430383,238943.83260569465
2020-07-01,Ceel Afweyn,0.2885139291677652,0.3018453427065026,0.0133314135387374,103448.69292549856
2020-07-01,Ceerigaabo,0.2514301767289815,0.263567871280807,0.0121376945518255,959744.1903862744
2020-07-01,Laasqoray/Badhan,0.2827184696726668,0.3200990099009901,0.0373805402283233,90079.84358712788
2020-07-01,Caynabo,0.1939232409381663,0.2574626865671642,0.0635394456289979,60361.40289872798
2020-07-01,Taleex,0.2199045926480217,0.2834424695977549,0.0635378769497331,137166.99069700082
2020-07-01,Xudun,0.2022031084955485,0.2520754716981132,0.0498723632025646,72274.03765624086
2020-07-01,Burco,0.0911891620672353,0.140943301555444,0.0497541394882086,77164.65979907343
2020-07-01,Buuhoodle,0.1350544166033915,0.1898253606681852,0.0547709440647937,177363.81212203606
2020-07-01,Owdweyne,0.132173714024146,0.1948497854077253,0.0626760713835793,183042.93582933792
2020-07-01,Sheikh,0.1455487847587028,0.1828371278458844,0.0372883430871816,194982.61424177085
2020-07-01,Berbera,0.1808939137198255,0.2058333333333333,0.0249394196135078,257277.9921167836
2020-07-01,Gebiley,0.1675903119868637,0.1924063622370446,0.0248160502501809,220788.33591955536
2020-07-01,Hargeysa,0.1277865307901176,0.1965854943370926,0.068798963546975,53800.5744763104
2020-07-01,Burtinle,0.415721780335082,0.3781725888324873,-0.0375491915025947,158305.84798228322
2020-07-01,Xarardheere,0.3925848407833757,0.2414050822122571,-0.1511797585711186,99442.45554944112
2020-07-01,Laas Caanood,0.1814135894950207,0.2306675479180436,0.0492539584230228,42201.02354780796
2020-07-01,Hobyo,0.306084466714388,0.2841803865425912,-0.0219040801717967,197917.20494918805
2020-07-01,Jariiban,0.3512605042016806,0.3485714285714286,-0.002689075630252,99751.78651328415
2020-07-01,Baraawe,0.4505242752665433,0.4911894273127753,0.040665152046232,50358.19680656703
2020-07-01,Kurtunwaarey,0.4855604762788724,0.4643330681516839,-0.0212274081271884,69363.1772816809
2020-07-01,Marka,0.4905037846230626,0.4615277970331346,-0.0289759875899279,80478.15211908707
2020-07-01,Qoryooley,0.4801347611599085,0.4593911683311274,-0.020743592828781,282277.1749967973
2020-07-01,Sablaale,0.4933201385452746,0.4548825710754017,-0.0384375674698729,14000.0
2020-07-01,Wanla Weyn,0.4289798374962383,0.4714070729872084,0.0424272354909701,69325.1698295153
2020-07-01,Bu'aale,0.4118061786950391,0.3788461538461538,-0.0329600248488853,24953.239247136426
2020-07-01,Kismaayo,0.3619308628245356,0.3705150271415331,0.0085841643169974,65965.83992880996
2020-07-01,Saakow/Salagle,0.421338004671338,0.4107589658048373,-0.0105790388665006,38521.922596223885
2020-07-01,Adan Yabaal,0.2890189520624303,0.2773519163763066,-0.0116670356861237,62826.76428427834
2020-07-01,Balcad,0.3992414113024258,0.4233865465957157,0.0241451352932898,122373.31931054375
2020-07-01,Cadale,0.2905168905168905,0.2759462759462759,-0.0145706145706145,105508.44272316828
2020-07-01,Jowhar,0.4604083984124952,0.4605536885901744,0.0001452901776792,34095.52790194442
2020-07-01,Gaalkacyo,0.4371415325518246,0.3833366448109146,-0.0538048877409099,29233.817803085487
2020-07-01,Galdogob,0.4141636814549462,0.4519462624870823,0.0377825810321361,119822.71253135678
2020-07-01,Jilib,0.3881953090823434,0.3124158815612382,-0.0757794275211052,76799.71197431434
2021-01-01,Bossaso,0.3622932391199615,0.4282333104445733,0.0659400713246118,73330.78499999999
2021-01-01,Caluula,0.3592467407049734,0.3438764024096086,-0.0153703382953648,81479.34
2021-01-01,Iskushuban,0.2954636692091529,0.3565675219048366,0.0611038526956836,65262.95999999999
2021-01-01,Qandala,0.3550690147548786,0.3321710405579005,-0.0228979741969781,309683.38499999995
2021-01-01,Qardho,0.3539238539238539,0.422637962358916,0.0687141084350621,67386.78
2021-01-01,Burtinle,0.3781725888324873,0.405234927348139,0.0270623385156517,170132.26499999998
2021-01-01,Eyl,0.3083090379008746,0.3608362119600107,0.052527174059136,50723.28
2021-01-01,Hobyo,0.2841803865425912,0.2851447172525171,0.0009643307099259,430013.52
2021-01-01,Gaalkacyo,0.3833366448109146,0.3799963816705769,-0.0033402631403376,70268.22
2021-01-01,Galdogob,0.4519462624870823,0.4573444515715202,0.0053981890844378,141077.745
2021-01-01,Jariiban,0.3485714285714286,0.3333170092909431,-0.0152544192804854,27594.135
2021-01-01,Xarardheere,0.2414050822122571,0.268406014603596,0.0270009323913388,69703.11
2021-01-01,Cabudwaaq,0.3746074472857784,0.4074148385946138,0.0328073913088354,89717.93999999997
2021-01-01,Cadaado,0.3458185340652244,0.3999756800889413,0.0541571460237169,281126.69999999995
2021-01-01,Bandarbeyla,0.2928452579034942,0.4147422000188518,0.1218969421153576,111510.9
2021-01-01,Garoowe,0.3128870890900428,0.3763941017333375,0.0635070126432946,491879.61
2021-01-01,Ceel Buur,0.3598183881952327,0.3584365855515789,-0.0013818026436537,316531.98
2021-01-01,Baki,0.2276853252647503,0.3101592806449881,0.0824739553802378,93543.3
2021-01-01,Ceel Afweyn,0.3018453427065026,0.2599961858750237,-0.0418491568314788,181435.5
2021-01-01,Ceel Dheer,0.2814535481659239,0.3369272237196765,0.0554736755537526,534884.8949999999
2021-01-01,Borama,0.1912113359430997,0.2772673624137732,0.0860560264706735,112734.27
2021-01-01,Lughaye,0.1896116994452849,0.2480818834591006,0.0584701840138157,71317.70999999999
2021-01-01,Zeylac,0.1853759011328527,0.2391876511594821,0.0538117500266293,165968.46
2021-01-01,Berbera,0.2058333333333333,0.2759629145666106,0.0701295812332772,48461.80499999999
2021-01-01,Gebiley,0.1924063622370446,0.2876174019676151,0.0952110397305704,67184.955
2021-01-01,Hargeysa,0.1965854943370926,0.2676350893059009,0.0710495949688083,69235.29
2021-01-01,Burco,0.140943301555444,0.1371732766471581,-0.0037700249082859,137053.66499999998
2021-01-01,Buuhoodle,0.1898253606681852,0.2063106796116504,0.0164853189434651,46070.955
2021-01-01,Owdweyne,0.1948497854077253,0.2280157801397049,0.0331659947319795,130366.52999999998
2021-01-01,Sheikh,0.1828371278458844,0.2242774189339074,0.0414402910880229,32041.53
2021-01-01,Caynabo,0.2574626865671642,0.2174981567952813,-0.0399645297718828,141229.88999999998
2021-01-01,Laas Caanood,0.2306675479180436,0.2109874570977254,-0.0196800908203181,239221.62
2021-01-01,Taleex,0.2834424695977549,0.2387409755911226,-0.0447014940066322,162957.645
2021-01-01,Xudun,0.2520754716981132,0.2059262364822373,-0.0461492352158758,100108.305
2021-01-01,Ceerigaabo,0.263567871280807,0.2245768359322937,-0.0389910353485133,42455.7
2021-01-01,Dhuusamarreeb,0.3271635817908954,0.3560481018674942,0.0288845200765988,105162.21
2021-01-01,Laasqoray/Badhan,0.3200990099009901,0.2693869022744911,-0.050712107626499,584319.6
2021-01-01,Bulo Burto,0.1980742778541953,0.3462197497828791,0.1481454719286838,85807.70999999999
2021-01-01,Xudur,0.5317134742821079,0.4472915724098218,-0.0844219018722861,91374.975
2021-01-01,Baardheere,0.2388133498145859,0.3868994061543999,0.1480860563398139,188544.915
2021-01-01,Belet Xaawo,0.3835327234342012,0.3349866620681312,-0.0485460613660699,146038.5
2021-01-01,Ceel Waaq,0.2664990571967316,0.3544682405589296,0.087969183362198,1027923.705
2021-01-01,Doolow,0.3641207815275311,0.3515556336790297,-0.0125651478485013,142717.185
2021-01-01,Belet Weyne,0.2474660340737546,0.3071993772609909,0.0597333431872363,82588.86
2021-01-01,Luuq,0.3583282114320836,0.3731717928980219,0.0148435814659382,76346.775
2021-01-01,Bu'aale,0.3788461538461538,0.4008547346761109,0.0220085808299571,169536.10499999998
2021-01-01,Jilib,0.3124158815612382,0.4043924756806527,0.0919765941194145,83205.71999999999
2021-01-01,Saakow/Salagle,0.4107589658048373,0.4115377316967968,0.0007787658919595,103739.085
2021-01-01,Banadir,0.4319770246468998,0.4710969130686256,0.0391198884217258,279295.785
2021-01-01,Afmadow/Xagar,0.3018436690537864,,,218785.545
2021-01-01,Badhaadhe,0.2774755168661588,0.4056724072698737,0.1281968904037149,95730.255
2021-01-01,Jamaame,0.3061224489795918,0.4376510659496103,0.1315286169700185,170114.66999999998
2021-01-01,Kismaayo,0.3705150271415331,0.3934804082976622,0.022965381156129,186893.055
2021-01-01,Waajid,0.4933524973050665,0.4498858793883663,-0.0434666179167001,70268.22
2021-01-01,Tayeeglow,0.4702754954084098,0.4212055712220329,-0.0490699241863769,100476.765
2021-01-01,Garbahaarey,0.3637295081967213,0.3273081001778068,-0.0364214080189144,282222.765
2021-01-01,Ceel Barde,0.58780127889818,0.593619466793754,0.0058181878955739,78004.845
2021-01-01,Rab Dhuure,0.5072024260803639,0.4587641132763954,-0.0484383128039685,75823.06499999999
2021-01-01,Adan Yabaal,0.2773519163763066,0.2867946480511925,0.0094427316748859,123818.085
2021-01-01,Balcad,0.4233865465957157,0.4248102325025402,0.0014236859068245,174970.88999999998
2021-01-01,Cadale,0.2759462759462759,0.2873604609290601,0.0114141849827841,196309.485
2021-01-01,Jowhar,0.4605536885901744,0.4476632959825088,-0.0128903926076656,35703.36
2021-01-01,Afgooye,0.4841321666449001,0.4637639420358601,-0.02036822460904,178339.81499999997
2021-01-01,Baraawe,0.4911894273127753,0.4655421778369564,-0.0256472494758189,62978.715
2021-01-01,Kurtunwaarey,0.4643330681516839,0.4575951234622532,-0.0067379446894307,62404.28999999999
2021-01-01,Jalalaqsi,0.1947145350286711,0.4080728253042081,0.213358290275537,57175.47
2021-01-01,Qoryooley,0.4593911683311274,0.4512228697099891,-0.0081682986211383,99175.77
2021-01-01,Sablaale,0.4548825710754017,0.4486895846702985,-0.0061929864051031,85276.75499999999
2021-01-01,Wanla Weyn,0.4714070729872084,0.4482908617511664,-0.023116211236042,227667.915
2021-01-01,Baydhaba/Bardaale,0.4725658564983263,,,278193.50999999995
2021-01-01,Buur Hakaba,0.4955684007707129,0.4253398378500371,-0.0702285629206758,42361.515
2021-01-01,Diinsoor,0.492387605230163,0.419636541705207,-0.072751063524956,113853.105
2021-01-01,Qansax Dheere,0.5084745762711864,0.4305075046172255,-0.0779670716539609,64412.19
2021-01-01,Marka,0.4615277970331346,0.4460078540314803,-0.0155199430016543,1707984.9450000003
2021-07-01,Buuhoodle,0.2063106796116504,,,73330.78499999999
2021-07-01,Buur Hakaba,0.4253398378500371,,,81479.34
2021-07-01,Cabudwaaq,0.4074148385946138,,,65262.95999999999
2021-07-01,Cadaado,0.3999756800889413,,,309683.38499999995
2021-07-01,Cadale,0.2873604609290601,,,80386.78
2021-07-01,Caluula,0.3438764024096086,,,170132.26499999998
2021-07-01,Caynabo,0.2174981567952813,,,50723.28
2021-07-01,Ceel Dheer,0.3369272237196765,,,450683.52
2021-07-01,Ceel Barde,0.593619466793754,,,70268.22
2021-07-01,Ceel Buur,0.3584365855515789,,,141077.745
2021-07-01,Ceel Waaq,0.3544682405589296,,,27594.135
2021-07-01,Ceerigaabo,0.2245768359322937,,,69703.11
2021-07-01,Dhuusamarreeb,0.3560481018674942,,,89717.93999999997
2021-07-01,Diinsoor,0.419636541705207,,,281126.69999999995
2021-07-01,Ceel Afweyn,0.2599961858750237,,,112100.9
2021-07-01,Burtinle,0.405234927348139,,,491879.61
2021-07-01,Afgooye,0.4637639420358601,,,365531.98
2021-07-01,Bulo Burto,0.3462197497828791,,,93543.3
2021-07-01,Doolow,0.3515556336790297,,,181435.5
2021-07-01,Afmadow,0.3916169562219776,,,560644.8949999999
2021-07-01,Baardheere,0.3868994061543999,,,112734.27
2021-07-01,Badhaadhe,0.4056724072698737,,,71317.70999999999
2021-07-01,Baidoa,0.456384142382831,,,165968.46
2021-07-01,Baki,0.3101592806449881,,,48461.80499999999
2021-07-01,Balcad,0.4248102325025402,,,67184.955
2021-07-01,Burco,0.1371732766471581,,,69235.29
2021-07-01,Banadir,0.4710969130686256,,,137053.66499999998
2021-07-01,Baraawe,0.4655421778369564,,,46070.955
2021-07-01,Belet Weyne,0.3071993772609909,,,130366.52999999998
2021-07-01,Belet Xaawo,0.3349866620681312,,,32041.53
2021-07-01,Berbera,0.2759629145666106,,,141229.88999999998
2021-07-01,Borama,0.2772673624137732,,,239221.62
2021-07-01,Bossaso,0.4282333104445733,,,166457.645
2021-07-01,Bu'aale,0.4008547346761109,,,100108.305
2021-07-01,Bandarbeyla,0.4147422000188518,,,50233.7
2021-07-01,Eyl,0.3608362119600107,,,105162.21
2021-07-01,Lughaye,0.2480818834591006,,,630641.6
2021-07-01,Galdogob,0.4573444515715202,,,85807.70999999999
2021-07-01,Qansax Dheere,0.4305075046172255,,,91374.975
2021-07-01,Qardho,0.422637962358916,,,207534.915
2021-07-01,Qoryooley,0.4512228697099891,,,146038.5
2021-07-01,Rab Dhuure,0.4587641132763954,,,1071923.705
2021-07-01,Saakow/Salagle,0.4115377316967968,,,285434.37
2021-07-01,Sablaale,0.4486895846702985,,,82588.86
2021-07-01,Sheikh,0.2242774189339074,,,76346.775
2021-07-01,Taleex,0.2387409755911226,,,169536.10499999998
2021-07-01,Tayeeglow,0.4212055712220329,,,83205.71999999999
2021-07-01,Waajid,0.4498858793883663,,,103739.085
2021-07-01,Wanla Weyn,0.4482908617511664,,,279295.785
2021-07-01,Xarardheere,0.268406014603596,,,228785.545
2021-07-01,Xudun,0.2059262364822373,,,95730.255
2021-07-01,Xudur,0.4472915724098218,,,170114.66999999998
2021-07-01,Zeylac,0.2391876511594821,,,186893.055
2021-07-01,Qandala,0.3321710405579005,,,70268.22
2021-07-01,Gaalkacyo,0.3799963816705769,,,100476.765
2021-07-01,Owdweyne,0.2280157801397049,,,282222.765
2021-07-01,Luuq,0.3731717928980219,,,2077273.9450000003
2021-07-01,Garbahaarey,0.3273081001778068,,,78004.845
2021-07-01,Garoowe,0.3763941017333375,,,75823.06499999999
2021-07-01,Gebiley,0.2876174019676151,,,123818.085
2021-07-01,Hargeysa,0.2676350893059009,,,185616.89
2021-07-01,Hobyo,0.2851447172525171,,,196309.485
2021-07-01,Iskushuban,0.3565675219048366,,,35703.36
2021-07-01,Jalalaqsi,0.4080728253042081,,,178339.81499999997
2021-07-01,Jamaame,0.4376510659496103,,,62978.715
2021-07-01,Jariiban,0.3333170092909431,,,62404.28999999999
2021-07-01,Jilib,0.4043924756806527,,,57175.47
2021-07-01,Jowhar,0.4476632959825088,,,99175.77
2021-07-01,Kismaayo,0.3934804082976622,,,85276.75499999999
2021-07-01,Kurtunwaarey,0.4575951234622532,,,227667.915
2021-07-01,Laas Caanood,0.2109874570977254,,,278193.50999999995
2021-07-01,Laasqoray/Badhan,0.2693869022744911,,,42361.515
2021-07-01,Marka,0.4460078540314803,,,113853.105
2021-07-01,Adan Yabaal,0.2867946480511925,,,64412.19
